batch,instance,budget,method,timing_basis,completion_rows,runs,feasible,feasible_rate,errors,optimal,median_all,median_conditional,median_bp_gap_percent,median_reference_gap_percent,median_first_feasible_conditional,reference_hits,reference_hit_rate,median_time_to_reference_conditional,reference_optimum
result_c5_v1,2019-03-12_N10_C5,1800.0,compact,bp_active_excluding_cloud_call,vehicle,1,1,1.0,0,1,62.0,62.0,,0.0,0.02899199997773394,1,1.0,0.07288049999624491,62.0
result_c5_v1,2019-03-12_N10_C5,1800.0,cim,bp_active_excluding_cloud_call,vehicle,3,3,1.0,0,3,62.0,62.0,0.0,0.0,2.998121500015259,3,1.0,2.998121500015259,62.0
result_c5_v1,2019-03-12_N10_C5,1800.0,qaia_tuned,bp_active_excluding_cloud_call,vehicle,3,3,1.0,0,3,62.0,62.0,0.0,0.0,0.431691600009799,3,1.0,0.4446973000012804,62.0
result_c5_v1,2019-03-12_N10_C5,1800.0,exact,bp_active_excluding_cloud_call,vehicle,3,3,1.0,0,3,62.0,62.0,0.0,0.0,0.34022660000482574,3,1.0,0.34022660000482574,62.0
result_c5_v1,2019-03-12_N20_C5,1800.0,compact,bp_active_excluding_cloud_call,vehicle,1,1,1.0,0,1,62.0,62.0,,0.0,0.03186319998349063,1,1.0,0.07287419997737743,62.0
result_c5_v1,2019-03-12_N20_C5,1800.0,cim,bp_active_excluding_cloud_call,vehicle,3,3,1.0,0,1,64.0,64.0,3.125,3.125,51.15072720000171,1,0.3333333333333333,1158.6854503000213,62.0
result_c5_v1,2019-03-12_N20_C5,1800.0,qaia_tuned,bp_active_excluding_cloud_call,vehicle,3,3,1.0,0,1,63.0,63.0,1.5873015873015872,1.5873015873015872,3.5554713000019547,1,0.3333333333333333,1052.8676672000147,62.0
result_c5_v1,2019-03-12_N20_C5,1800.0,exact,bp_active_excluding_cloud_call,vehicle,3,3,1.0,0,0,64.0,64.0,3.125,3.125,1.6199665000021923,0,0.0,,62.0
result_c5_v1,2019-03-12_N30_C5,1800.0,compact,bp_active_excluding_cloud_call,vehicle,1,1,1.0,0,1,71.0,71.0,,0.0,0.2829446000105236,1,1.0,0.5661874000215903,71.0
result_c5_v1,2019-03-12_N30_C5,1800.0,cim,bp_active_excluding_cloud_call,vehicle,3,3,1.0,0,0,74.0,74.0,4.054054054054054,4.054054054054054,171.2848516999802,0,0.0,,71.0
result_c5_v1,2019-03-12_N30_C5,1800.0,qaia_tuned,bp_active_excluding_cloud_call,vehicle,3,3,1.0,0,0,73.0,73.0,2.73972602739726,2.73972602739726,8.919039899978088,0,0.0,,71.0
result_c5_v1,2019-03-12_N30_C5,1800.0,exact,bp_active_excluding_cloud_call,vehicle,3,3,1.0,0,0,73.0,73.0,2.73972602739726,2.73972602739726,3.4613782000087667,0,0.0,,71.0
result_c5_v1,2019-03-12_N40_C5,1800.0,compact,bp_active_excluding_cloud_call,vehicle,1,1,1.0,0,1,84.0,84.0,,0.0,0.20007230000919662,1,1.0,0.20007230000919662,84.0
result_c5_v1,2019-03-12_N40_C5,1800.0,cim,bp_active_excluding_cloud_call,vehicle,3,3,1.0,0,3,84.0,84.0,0.0,0.0,1522.5342488999886,3,1.0,1522.5342488999886,84.0
result_c5_v1,2019-03-12_N40_C5,1800.0,qaia_tuned,bp_active_excluding_cloud_call,vehicle,3,3,1.0,0,3,84.0,84.0,0.0,0.0,1333.5584402999957,3,1.0,1333.5584402999957,84.0
result_c5_v1,2019-03-12_N40_C5,1800.0,exact,bp_active_excluding_cloud_call,vehicle,3,3,1.0,0,3,84.0,84.0,0.0,0.0,1285.9204512999859,3,1.0,1285.9204512999859,84.0
result_c5_v1,2019-03-18_N10_C5,1800.0,compact,bp_active_excluding_cloud_call,vehicle,1,1,1.0,0,1,50.0,50.0,,0.0,0.021165099984500557,1,1.0,0.07850599999073893,50.0
result_c5_v1,2019-03-18_N10_C5,1800.0,cim,bp_active_excluding_cloud_call,vehicle,3,3,1.0,0,3,50.0,50.0,0.0,0.0,5.506465900049079,3,1.0,5.522957200068049,50.0
result_c5_v1,2019-03-18_N10_C5,1800.0,qaia_tuned,bp_active_excluding_cloud_call,vehicle,3,3,1.0,0,3,50.0,50.0,0.0,0.0,0.5898275999934413,3,1.0,0.63736739999149,50.0
result_c5_v1,2019-03-18_N10_C5,1800.0,exact,bp_active_excluding_cloud_call,vehicle,3,3,1.0,0,3,50.0,50.0,0.0,0.0,0.47253580001415685,3,1.0,0.4850360000273213,50.0
result_c5_v1,2019-03-18_N20_C5,1800.0,compact,bp_active_excluding_cloud_call,vehicle,1,1,1.0,0,1,60.0,60.0,,0.0,0.029621399997267872,1,1.0,0.31848030001856387,60.0
result_c5_v1,2019-03-18_N20_C5,1800.0,cim,bp_active_excluding_cloud_call,vehicle,3,3,1.0,0,0,63.0,63.0,4.761904761904762,4.761904761904762,74.7420328000444,0,0.0,,60.0
result_c5_v1,2019-03-18_N20_C5,1800.0,qaia_tuned,bp_active_excluding_cloud_call,vehicle,3,3,1.0,0,0,64.0,64.0,6.25,6.25,2.04663299996173,0,0.0,,60.0
result_c5_v1,2019-03-18_N20_C5,1800.0,exact,bp_active_excluding_cloud_call,vehicle,3,3,1.0,0,0,63.0,63.0,4.761904761904762,4.761904761904762,2.4403816999983974,0,0.0,,60.0
result_c5_v1,2019-03-18_N30_C5,1800.0,compact,bp_active_excluding_cloud_call,vehicle,1,1,1.0,0,1,69.0,69.0,,0.0,0.050175200041849166,1,1.0,0.891103700036183,69.0
result_c5_v1,2019-03-18_N30_C5,1800.0,cim,bp_active_excluding_cloud_call,vehicle,3,3,1.0,0,0,77.0,77.0,10.38961038961039,10.38961038961039,233.90510440000799,0,0.0,,69.0
result_c5_v1,2019-03-18_N30_C5,1800.0,qaia_tuned,bp_active_excluding_cloud_call,vehicle,3,3,1.0,0,0,74.0,74.0,6.756756756756757,6.756756756756757,10.806540900026448,0,0.0,,69.0
result_c5_v1,2019-03-18_N30_C5,1800.0,exact,bp_active_excluding_cloud_call,vehicle,3,3,1.0,0,0,77.0,77.0,10.38961038961039,10.38961038961039,4.223872400005348,0,0.0,,69.0
result_c5_v1,2019-03-18_N40_C5,1800.0,compact,bp_active_excluding_cloud_call,vehicle,1,1,1.0,0,1,85.0,85.0,,0.0,0.06339169997954741,1,1.0,0.15123920002952218,85.0
result_c5_v1,2019-03-18_N40_C5,1800.0,cim,bp_active_excluding_cloud_call,vehicle,3,1,0.3333333333333333,0,1,,85.0,0.0,0.0,281.7336179999984,1,0.3333333333333333,282.0931203000364,85.0
result_c5_v1,2019-03-18_N40_C5,1800.0,qaia_tuned,bp_active_excluding_cloud_call,vehicle,3,0,0.0,0,0,,,,,,0,0.0,,85.0
result_c5_v1,2019-03-18_N40_C5,1800.0,exact,bp_active_excluding_cloud_call,vehicle,3,1,0.3333333333333333,0,1,,85.0,0.0,0.0,7.943006299959961,1,0.3333333333333333,8.302740399958566,85.0
result_c5_v1,2019-03-20_N10_C5,1800.0,compact,bp_active_excluding_cloud_call,vehicle,1,1,1.0,0,1,47.0,47.0,,0.0,0.023644500004593283,1,1.0,0.04999229998793453,47.0
result_c5_v1,2019-03-20_N10_C5,1800.0,cim,bp_active_excluding_cloud_call,vehicle,3,3,1.0,0,3,47.0,47.0,0.0,0.0,4.089553299942054,3,1.0,4.089553299942054,47.0
result_c5_v1,2019-03-20_N10_C5,1800.0,qaia_tuned,bp_active_excluding_cloud_call,vehicle,3,3,1.0,0,3,47.0,47.0,0.0,0.0,0.43339250003919005,3,1.0,0.4374043000279926,47.0
result_c5_v1,2019-03-20_N10_C5,1800.0,exact,bp_active_excluding_cloud_call,vehicle,3,3,1.0,0,3,47.0,47.0,0.0,0.0,0.24244980001822114,3,1.0,0.24244980001822114,47.0
result_c5_v1,2019-03-20_N20_C5,1800.0,compact,bp_active_excluding_cloud_call,vehicle,1,1,1.0,0,1,52.0,52.0,,0.0,0.026195499987807125,1,1.0,0.22807279997505248,52.0
result_c5_v1,2019-03-20_N20_C5,1800.0,cim,bp_active_excluding_cloud_call,vehicle,3,3,1.0,0,0,54.0,54.0,3.7037037037037037,3.7037037037037037,36.665208200050984,0,0.0,,52.0
result_c5_v1,2019-03-20_N20_C5,1800.0,qaia_tuned,bp_active_excluding_cloud_call,vehicle,3,3,1.0,0,0,54.0,54.0,3.7037037037037037,3.7037037037037037,3.7566145999589935,0,0.0,,52.0
result_c5_v1,2019-03-20_N20_C5,1800.0,exact,bp_active_excluding_cloud_call,vehicle,3,3,1.0,0,0,54.0,54.0,3.7037037037037037,3.7037037037037037,1.9673586999997497,0,0.0,,52.0
result_c5_v1,2019-03-20_N30_C5,1800.0,compact,bp_active_excluding_cloud_call,vehicle,1,1,1.0,0,1,60.0,60.0,,0.0,0.04318619996774942,1,1.0,0.2426776000065729,60.0
result_c5_v1,2019-03-20_N30_C5,1800.0,cim,bp_active_excluding_cloud_call,vehicle,3,3,1.0,0,0,62.0,62.0,3.225806451612903,3.225806451612903,107.92587379994802,0,0.0,,60.0
result_c5_v1,2019-03-20_N30_C5,1800.0,qaia_tuned,bp_active_excluding_cloud_call,vehicle,3,3,1.0,0,0,62.0,62.0,3.225806451612903,3.225806451612903,6.82036309997784,0,0.0,,60.0
result_c5_v1,2019-03-20_N30_C5,1800.0,exact,bp_active_excluding_cloud_call,vehicle,3,3,1.0,0,0,62.0,62.0,3.225806451612903,3.225806451612903,2.3998859000275843,0,0.0,,60.0
result_c5_v1,2019-03-20_N40_C5,1800.0,compact,bp_active_excluding_cloud_call,vehicle,1,1,1.0,0,1,72.0,72.0,,0.0,0.04899360000854358,1,1.0,0.12337689998093992,72.0
result_c5_v1,2019-03-20_N40_C5,1800.0,cim,bp_active_excluding_cloud_call,vehicle,3,3,1.0,0,3,72.0,72.0,0.0,0.0,143.17298840003787,3,1.0,143.17298840003787,72.0
result_c5_v1,2019-03-20_N40_C5,1800.0,qaia_tuned,bp_active_excluding_cloud_call,vehicle,3,3,1.0,0,3,72.0,72.0,0.0,0.0,6.684422699967399,3,1.0,6.684422699967399,72.0
result_c5_v1,2019-03-20_N40_C5,1800.0,exact,bp_active_excluding_cloud_call,vehicle,3,3,1.0,0,3,72.0,72.0,0.0,0.0,2.9164026000071317,3,1.0,2.9164026000071317,72.0
result_c5_v1,2019-03-13_N20_C5,1800.0,compact,bp_active_excluding_cloud_call,vehicle,1,1,1.0,0,1,61.0,61.0,,0.0,0.06008100000326522,1,1.0,0.34417730000131996,61.0
result_c5_v1,2019-03-13_N20_C5,1800.0,cim,bp_active_excluding_cloud_call,vehicle,3,3,1.0,0,0,63.0,63.0,3.1746031746031744,3.1746031746031744,58.925967699993635,0,0.0,,61.0
result_c5_v1,2019-03-13_N20_C5,1800.0,qaia_tuned,bp_active_excluding_cloud_call,vehicle,3,3,1.0,0,0,64.0,64.0,4.6875,4.6875,4.534427500002494,0,0.0,,61.0
result_c5_v1,2019-03-13_N20_C5,1800.0,exact,bp_active_excluding_cloud_call,vehicle,3,3,1.0,0,0,64.0,64.0,4.6875,4.6875,2.2847091000003275,0,0.0,,61.0
result_c5_v1,2019-03-13_N30_C5,1800.0,compact,bp_active_excluding_cloud_call,vehicle,1,1,1.0,0,1,67.0,67.0,,0.0,0.05272770000010496,1,1.0,0.27166009999928065,67.0
result_c5_v1,2019-03-13_N30_C5,1800.0,cim,bp_active_excluding_cloud_call,vehicle,3,3,1.0,0,0,69.0,69.0,2.898550724637681,2.898550724637681,144.37952850000147,0,0.0,,67.0
result_c5_v1,2019-03-13_N30_C5,1800.0,qaia_tuned,bp_active_excluding_cloud_call,vehicle,3,3,1.0,0,0,70.0,70.0,4.285714285714286,4.285714285714286,7.040246000004117,0,0.0,,67.0
result_c5_v1,2019-03-13_N30_C5,1800.0,exact,bp_active_excluding_cloud_call,vehicle,3,3,1.0,0,0,69.0,69.0,2.898550724637681,2.898550724637681,3.684655399993062,0,0.0,,67.0
result_c5_v1,2019-03-14_N20_C5,1800.0,compact,bp_active_excluding_cloud_call,vehicle,1,1,1.0,0,1,58.0,58.0,,0.0,0.036661599995568395,1,1.0,0.25261809999938123,58.0
result_c5_v1,2019-03-14_N20_C5,1800.0,cim,bp_active_excluding_cloud_call,vehicle,3,3,1.0,0,0,59.0,59.0,1.694915254237288,1.694915254237288,158.8251997000043,0,0.0,,58.0
result_c5_v1,2019-03-14_N20_C5,1800.0,qaia_tuned,bp_active_excluding_cloud_call,vehicle,3,3,1.0,0,0,60.0,60.0,3.3333333333333335,3.3333333333333335,1.570631800001138,0,0.0,,58.0
result_c5_v1,2019-03-14_N20_C5,1800.0,exact,bp_active_excluding_cloud_call,vehicle,3,3,1.0,0,0,60.0,60.0,3.3333333333333335,3.3333333333333335,2.891564699995797,0,0.0,,58.0
result_c5_v1,2019-03-14_N30_C5,1800.0,compact,bp_active_excluding_cloud_call,vehicle,1,1,1.0,0,1,73.0,73.0,,0.0,0.3201323999965098,1,1.0,0.6052175000077114,73.0
result_c5_v1,2019-03-14_N30_C5,1800.0,cim,bp_active_excluding_cloud_call,vehicle,3,3,1.0,0,0,76.0,76.0,3.9473684210526314,3.9473684210526314,188.56469309999375,0,0.0,,73.0
result_c5_v1,2019-03-14_N30_C5,1800.0,qaia_tuned,bp_active_excluding_cloud_call,vehicle,3,3,1.0,0,0,76.0,76.0,3.9473684210526314,3.9473684210526314,15.569831699991482,0,0.0,,73.0
result_c5_v1,2019-03-14_N30_C5,1800.0,exact,bp_active_excluding_cloud_call,vehicle,3,3,1.0,0,0,75.0,75.0,2.6666666666666665,2.6666666666666665,5.148558100001537,0,0.0,,73.0
result_c5_v1,2019-03-19_N20_C5,1800.0,compact,bp_active_excluding_cloud_call,vehicle,1,1,1.0,0,1,56.0,56.0,,0.0,0.04438750000554137,1,1.0,0.10294460000295658,56.0
result_c5_v1,2019-03-19_N20_C5,1800.0,cim,bp_active_excluding_cloud_call,vehicle,3,3,1.0,0,3,56.0,56.0,0.0,0.0,25.520252000002074,3,1.0,26.21130870000343,56.0
result_c5_v1,2019-03-19_N20_C5,1800.0,qaia_tuned,bp_active_excluding_cloud_call,vehicle,3,3,1.0,0,3,56.0,56.0,0.0,0.0,0.9203841999988072,3,1.0,2.7471651999949245,56.0
result_c5_v1,2019-03-19_N20_C5,1800.0,exact,bp_active_excluding_cloud_call,vehicle,3,3,1.0,0,3,56.0,56.0,0.0,0.0,1.8840431999997236,3,1.0,2.1076548999990337,56.0
result_c5_v1,2019-03-19_N30_C5,1800.0,compact,bp_active_excluding_cloud_call,vehicle,1,1,1.0,0,1,64.0,64.0,,0.0,0.038588400013395585,1,1.0,0.20551160001195967,64.0
result_c5_v1,2019-03-19_N30_C5,1800.0,cim,bp_active_excluding_cloud_call,vehicle,3,3,1.0,0,0,66.0,66.0,3.0303030303030303,3.0303030303030303,205.13391840000986,0,0.0,,64.0
result_c5_v1,2019-03-19_N30_C5,1800.0,qaia_tuned,bp_active_excluding_cloud_call,vehicle,3,3,1.0,0,0,67.0,67.0,4.477611940298507,4.477611940298507,17.35459259999334,0,0.0,,64.0
result_c5_v1,2019-03-19_N30_C5,1800.0,exact,bp_active_excluding_cloud_call,vehicle,3,3,1.0,0,0,67.0,67.0,4.477611940298507,4.477611940298507,2.360238000022946,0,0.0,,64.0
result_c5_v1,2019-03-21_N20_C5,1800.0,compact,bp_active_excluding_cloud_call,vehicle,1,1,1.0,0,1,56.0,56.0,,0.0,0.029318699991563335,1,1.0,0.10641009997925721,56.0
result_c5_v1,2019-03-21_N20_C5,1800.0,cim,bp_active_excluding_cloud_call,vehicle,3,3,1.0,0,1,58.0,58.0,3.4482758620689653,3.4482758620689653,39.76778059999924,1,0.3333333333333333,722.2981553999707,56.0
result_c5_v1,2019-03-21_N20_C5,1800.0,qaia_tuned,bp_active_excluding_cloud_call,vehicle,3,3,1.0,0,0,58.0,58.0,3.4482758620689653,3.4482758620689653,3.1306699000124354,0,0.0,,56.0
result_c5_v1,2019-03-21_N20_C5,1800.0,exact,bp_active_excluding_cloud_call,vehicle,3,3,1.0,0,0,57.0,57.0,1.7543859649122806,1.7543859649122806,1.6726557000074536,0,0.0,,56.0
result_c5_v1,2019-03-21_N30_C5,1800.0,compact,bp_active_excluding_cloud_call,vehicle,1,1,1.0,0,1,74.0,74.0,,0.0,0.052822700003162026,1,1.0,0.11866100001498125,74.0
result_c5_v1,2019-03-21_N30_C5,1800.0,cim,bp_active_excluding_cloud_call,vehicle,3,3,1.0,0,3,74.0,74.0,0.0,0.0,85.01351590003469,3,1.0,85.16965530003654,74.0
result_c5_v1,2019-03-21_N30_C5,1800.0,qaia_tuned,bp_active_excluding_cloud_call,vehicle,3,3,1.0,0,3,74.0,74.0,0.0,0.0,5.216275799990399,3,1.0,5.370750600006431,74.0
result_c5_v1,2019-03-21_N30_C5,1800.0,exact,bp_active_excluding_cloud_call,vehicle,3,3,1.0,0,3,74.0,74.0,0.0,0.0,3.1292689999972936,3,1.0,3.152286099997582,74.0
result_c5_v1,2019-03-26_N20_C5,1800.0,compact,bp_active_excluding_cloud_call,vehicle,1,1,1.0,0,1,54.0,54.0,,0.0,0.03031039997586049,1,1.0,0.2766107999777887,54.0
result_c5_v1,2019-03-26_N20_C5,1800.0,cim,bp_active_excluding_cloud_call,vehicle,3,3,1.0,0,0,56.0,56.0,3.5714285714285716,3.5714285714285716,55.62002060000668,0,0.0,,54.0
result_c5_v1,2019-03-26_N20_C5,1800.0,qaia_tuned,bp_active_excluding_cloud_call,vehicle,3,3,1.0,0,0,55.0,55.0,1.8181818181818181,1.8181818181818181,4.750863200024469,0,0.0,,54.0
result_c5_v1,2019-03-26_N20_C5,1800.0,exact,bp_active_excluding_cloud_call,vehicle,3,3,1.0,0,0,56.0,56.0,3.5714285714285716,3.5714285714285716,0.7650013000238687,0,0.0,,54.0
result_c5_v1,2019-03-26_N30_C5,1800.0,compact,bp_active_excluding_cloud_call,vehicle,1,1,1.0,0,1,62.0,62.0,,0.0,0.04405060000135563,1,1.0,0.6240104000025894,62.0
result_c5_v1,2019-03-26_N30_C5,1800.0,cim,bp_active_excluding_cloud_call,vehicle,3,3,1.0,0,0,65.0,65.0,4.615384615384615,4.615384615384615,158.57080260000657,0,0.0,,62.0
result_c5_v1,2019-03-26_N30_C5,1800.0,qaia_tuned,bp_active_excluding_cloud_call,vehicle,3,3,1.0,0,0,65.0,65.0,4.615384615384615,4.615384615384615,6.8819993999786675,0,0.0,,62.0
result_c5_v1,2019-03-26_N30_C5,1800.0,exact,bp_active_excluding_cloud_call,vehicle,3,3,1.0,0,0,64.0,64.0,3.125,3.125,1.6548148000147194,0,0.0,,62.0
result_c5_v1,2019-03-27_N20_C5,1800.0,compact,bp_active_excluding_cloud_call,vehicle,1,1,1.0,0,1,71.0,71.0,,0.0,0.038332799973431975,1,1.0,0.08226759999524802,71.0
result_c5_v1,2019-03-27_N20_C5,1800.0,cim,bp_active_excluding_cloud_call,vehicle,3,3,1.0,0,3,71.0,71.0,0.0,0.0,50.98944230002235,3,1.0,51.00283800001489,71.0
result_c5_v1,2019-03-27_N20_C5,1800.0,qaia_tuned,bp_active_excluding_cloud_call,vehicle,3,3,1.0,0,3,71.0,71.0,0.0,0.0,1.2190630999975838,3,1.0,1.2190630999975838,71.0
result_c5_v1,2019-03-27_N20_C5,1800.0,exact,bp_active_excluding_cloud_call,vehicle,3,3,1.0,0,3,71.0,71.0,0.0,0.0,1.331851299997652,3,1.0,1.345527299999958,71.0
result_c5_v1,2019-03-27_N30_C5,1800.0,compact,bp_active_excluding_cloud_call,vehicle,1,1,1.0,0,1,71.0,71.0,,0.0,0.03938000000198372,1,1.0,0.10026510001625866,71.0
result_c5_v1,2019-03-27_N30_C5,1800.0,cim,bp_active_excluding_cloud_call,vehicle,3,3,1.0,0,2,71.0,71.0,0.0,0.0,114.10539159999462,2,0.6666666666666666,113.21812154997315,71.0
result_c5_v1,2019-03-27_N30_C5,1800.0,qaia_tuned,bp_active_excluding_cloud_call,vehicle,3,3,1.0,0,3,71.0,71.0,0.0,0.0,3.3119748000171967,3,1.0,6.254277600004571,71.0
result_c5_v1,2019-03-27_N30_C5,1800.0,exact,bp_active_excluding_cloud_call,vehicle,3,3,1.0,0,3,71.0,71.0,0.0,0.0,2.1794533999927808,3,1.0,2.488398999994388,71.0
result_c5_v1,2019-03-28_N20_C5,1800.0,compact,bp_active_excluding_cloud_call,vehicle,1,1,1.0,0,1,62.0,62.0,,0.0,0.027379000006476417,1,1.0,0.062699000001885,62.0
result_c5_v1,2019-03-28_N20_C5,1800.0,cim,bp_active_excluding_cloud_call,vehicle,3,3,1.0,0,3,62.0,62.0,0.0,0.0,47.10847350000404,3,1.0,47.10847350000404,62.0
result_c5_v1,2019-03-28_N20_C5,1800.0,qaia_tuned,bp_active_excluding_cloud_call,vehicle,3,3,1.0,0,3,62.0,62.0,0.0,0.0,2.2237888000090607,3,1.0,2.2237888000090607,62.0
result_c5_v1,2019-03-28_N20_C5,1800.0,exact,bp_active_excluding_cloud_call,vehicle,3,3,1.0,0,3,62.0,62.0,0.0,0.0,1.3981057000055443,3,1.0,1.43740369999432,62.0
result_c5_v1,2019-03-28_N30_C5,1800.0,compact,bp_active_excluding_cloud_call,vehicle,1,1,1.0,0,1,64.0,64.0,,0.0,0.03664499998558313,1,1.0,0.3505828999914229,64.0
result_c5_v1,2019-03-28_N30_C5,1800.0,cim,bp_active_excluding_cloud_call,vehicle,3,3,1.0,0,0,67.0,67.0,4.477611940298507,4.477611940298507,104.07837850000942,0,0.0,,64.0
result_c5_v1,2019-03-28_N30_C5,1800.0,qaia_tuned,bp_active_excluding_cloud_call,vehicle,3,3,1.0,0,0,67.0,67.0,4.477611940298507,4.477611940298507,6.168958599999314,0,0.0,,64.0
result_c5_v1,2019-03-28_N30_C5,1800.0,exact,bp_active_excluding_cloud_call,vehicle,3,3,1.0,0,0,68.0,68.0,5.882352941176471,5.882352941176471,1.9988355000095908,0,0.0,,64.0
result_c5_v1,2019-03-29_N20_C5,1800.0,compact,bp_active_excluding_cloud_call,vehicle,1,1,1.0,0,1,55.0,55.0,,0.0,0.04172349997679703,1,1.0,0.15059839998139068,55.0
result_c5_v1,2019-03-29_N20_C5,1800.0,cim,bp_active_excluding_cloud_call,vehicle,3,3,1.0,0,0,57.0,57.0,3.508771929824561,3.508771929824561,36.0042963999731,0,0.0,,55.0
result_c5_v1,2019-03-29_N20_C5,1800.0,qaia_tuned,bp_active_excluding_cloud_call,vehicle,3,3,1.0,0,1,56.0,56.0,1.7857142857142858,1.7857142857142858,3.3214968999964185,1,0.3333333333333333,508.37755400000606,55.0
result_c5_v1,2019-03-29_N20_C5,1800.0,exact,bp_active_excluding_cloud_call,vehicle,3,3,1.0,0,0,57.0,57.0,3.508771929824561,3.508771929824561,3.2180809999990743,0,0.0,,55.0
result_c5_v1,2019-03-29_N30_C5,1800.0,compact,bp_active_excluding_cloud_call,vehicle,1,1,1.0,0,1,78.0,78.0,,0.0,0.038184500008355826,1,1.0,0.08132570001180284,78.0
result_c5_v1,2019-03-29_N30_C5,1800.0,cim,bp_active_excluding_cloud_call,vehicle,3,3,1.0,0,3,78.0,78.0,0.0,0.0,58.479287300026044,3,1.0,58.479287300026044,78.0
result_c5_v1,2019-03-29_N30_C5,1800.0,qaia_tuned,bp_active_excluding_cloud_call,vehicle,3,3,1.0,0,3,78.0,78.0,0.0,0.0,2.3018244999984745,3,1.0,2.3018244999984745,78.0
result_c5_v1,2019-03-29_N30_C5,1800.0,exact,bp_active_excluding_cloud_call,vehicle,3,3,1.0,0,3,78.0,78.0,0.0,0.0,1.6096942000149284,3,1.0,1.6096942000149284,78.0
