batch,instance,budget,method,completion_rows,result,seed,status,feasible,objective,reference_optimum,deviation_percent,first_feasible_seconds,best_found_seconds,wall_seconds,graph_seconds,root_initialization_seconds,node_setup_seconds,branch_seconds,pricing_seconds,nodes_processed,root_lp,root_cg_iterations,restricted_mip_seconds,source_sha256,error
model_v3_vertex,2019-03-05_N8_C2,60.0,compact,vertex,2019-03-05_N8_C2_compact.json,0,optimal,1,44.0,44.0,0.0,0.009377300000778632,0.07340650000060123,0.07550940000055562,,,,,,,,,,6d74e24d947418621d93b563cf5d476965ecd6c5c5b53569bc3ee7919afe6f0b,
model_v3_vertex,2019-03-05_N8_C2,60.0,qaia_50_4,vertex,2019-03-05_N8_C2_qaia_50_4_s0.json,0,time_limit,1,49.0,44.0,11.363636363636363,0.15942450000056851,0.15942450000056851,60.005270600000586,0.007398300000204472,0.05268990000058693,22.782843400001184,24.983095600004162,6.733460500021465,894,3.6020574511703938,53,0.09675269999934244,6d74e24d947418621d93b563cf5d476965ecd6c5c5b53569bc3ee7919afe6f0b,After pricing construction: global time budget exhausted
model_v3_vertex,2019-03-05_N8_C2,60.0,qaia_200_10,vertex,2019-03-05_N8_C2_qaia_200_10_s0.json,0,time_limit,1,45.0,44.0,2.272727272727273,1.8986746000000494,4.47352679999949,60.086819499999365,0.014883099999678961,0.10438699999940582,24.964176600006795,23.29330459999619,8.778082399995583,140,3.6020574511703947,50,0.10261689999970258,6d74e24d947418621d93b563cf5d476965ecd6c5c5b53569bc3ee7919afe6f0b,After branch construction: global time budget exhausted
model_v3_vertex,2019-03-05_N8_C2,60.0,greedy_4,vertex,2019-03-05_N8_C2_greedy_4_s0.json,0,time_limit,1,46.0,44.0,4.545454545454546,0.3933862000003501,0.3933862000003501,60.0017128999998,0.007417299999360694,0.01396870000007766,20.81403760001558,27.075744100007796,6.635275700002239,1350,3.602057451170395,31,0.035633899999993446,6d74e24d947418621d93b563cf5d476965ecd6c5c5b53569bc3ee7919afe6f0b,After master construction: global time budget exhausted
model_v3_vertex,2019-03-05_N8_C2,60.0,greedy_10,vertex,2019-03-05_N8_C2_greedy_10_s0.json,0,time_limit,1,48.0,44.0,9.090909090909092,0.420917799999188,0.6744235999994999,60.00178609999966,0.007515700000112702,0.01387700000032055,22.206033799980105,24.71258150000267,6.787833000033061,1146,3.602057451170396,32,0.04013630000008561,6d74e24d947418621d93b563cf5d476965ecd6c5c5b53569bc3ee7919afe6f0b,Budget exhausted after RMP; node is not certified
model_v3_vertex,2019-03-05_N8_C2,60.0,exact,vertex,2019-03-05_N8_C2_exact_r0.json,0,time_limit,1,47.0,44.0,6.818181818181818,0.1183327000007921,0.1183327000007921,60.00070490000053,0.007405399999697693,0.014898100000209524,20.806700399985857,28.164821100011977,6.545649700019567,929,3.6020574511703947,51,0.03539069999987987,6d74e24d947418621d93b563cf5d476965ecd6c5c5b53569bc3ee7919afe6f0b,After master construction: global time budget exhausted
model_v3_vertex,2019-03-05_N8_C2,60.0,exact,vertex,2019-03-05_N8_C2_exact_r1.json,0,time_limit,1,47.0,44.0,6.818181818181818,0.1183526000004349,0.1183526000004349,60.019945899999584,0.007484100000510807,0.01453029999993305,20.406077700002243,28.91418449998764,6.347487300018656,800,3.6020574511703947,51,0.03473719999965397,6d74e24d947418621d93b563cf5d476965ecd6c5c5b53569bc3ee7919afe6f0b,After pricing construction: global time budget exhausted
model_v3_vertex,2019-03-05_N8_C2,60.0,greedy_10,vertex,2019-03-05_N8_C2_greedy_10_s1.json,1,time_limit,1,49.0,44.0,11.363636363636363,0.3831299000003128,0.39309400000001915,60.03232040000057,0.007176600000093458,0.013615099999697122,20.956718300023567,27.181905500004177,6.51258759999655,1279,3.6020574511703956,34,0.04749160000028496,6d74e24d947418621d93b563cf5d476965ecd6c5c5b53569bc3ee7919afe6f0b,After branch construction: global time budget exhausted
model_v3_vertex,2019-03-05_N8_C2,60.0,greedy_4,vertex,2019-03-05_N8_C2_greedy_4_s1.json,1,time_limit,1,46.0,44.0,4.545454545454546,0.3511783000003561,0.5472396000004665,60.000921599999856,0.007074299999658251,0.013633899999149435,21.07588210000631,27.847578399998383,6.432127300003231,1034,3.602057451170394,29,0.035062099999777274,6d74e24d947418621d93b563cf5d476965ecd6c5c5b53569bc3ee7919afe6f0b,After branch construction: global time budget exhausted
model_v3_vertex,2019-03-05_N8_C2,60.0,qaia_200_10,vertex,2019-03-05_N8_C2_qaia_200_10_s1.json,1,time_limit,1,46.0,44.0,4.545454545454546,0.6746175999996922,1.240376699999615,60.01646279999932,0.0074603999992177705,0.052028299999619776,25.991891699991356,24.57194860000891,6.462623399991571,140,3.602057451170396,45,0.0459352999996554,6d74e24d947418621d93b563cf5d476965ecd6c5c5b53569bc3ee7919afe6f0b,After master construction: global time budget exhausted
model_v3_vertex,2019-03-05_N8_C2,60.0,qaia_50_4,vertex,2019-03-05_N8_C2_qaia_50_4_s1.json,1,time_limit,1,49.0,44.0,11.363636363636363,0.6013514999995095,0.6013514999995095,60.023501299999225,0.012766099999680591,0.10845279999921331,20.465817499994046,26.07922039999721,8.186377100005302,1159,3.6020574511703938,53,0.18712980000054813,6d74e24d947418621d93b563cf5d476965ecd6c5c5b53569bc3ee7919afe6f0b,After branch construction: global time budget exhausted
model_v3_vertex,2019-03-05_N8_C2,60.0,qaia_50_4,vertex,2019-03-05_N8_C2_qaia_50_4_s2.json,2,time_limit,1,49.0,44.0,11.363636363636363,0.15523659999962547,0.15523659999962547,59.995708899999954,0.007137300000067626,0.04923770000004879,19.764320299990686,28.287662499998078,6.867505400030495,1234,3.6020574511703938,52,0.030972300000030373,6d74e24d947418621d93b563cf5d476965ecd6c5c5b53569bc3ee7919afe6f0b,Exact pricing reached TimeLimit; node is not certified
model_v3_vertex,2019-03-05_N8_C2,60.0,qaia_200_10,vertex,2019-03-05_N8_C2_qaia_200_10_s2.json,2,time_limit,1,48.0,44.0,9.090909090909092,0.653642299999774,0.6584679999996297,59.99955769999997,0.0074084000007133,0.04872030000024097,20.753455999995822,27.165442299997267,6.942352300002312,1246,3.602057451170395,44,0.04513760000008915,6d74e24d947418621d93b563cf5d476965ecd6c5c5b53569bc3ee7919afe6f0b,Exact pricing reached TimeLimit; node is not certified
model_v3_vertex,2019-03-05_N8_C2,60.0,greedy_4,vertex,2019-03-05_N8_C2_greedy_4_s2.json,2,time_limit,1,46.0,44.0,4.545454545454546,0.3809323999994376,0.3883436999994956,60.00875469999937,0.007090500000231259,0.013587599999482336,20.63291899999149,27.45719590000499,6.834916199998588,1253,3.602057451170394,33,0.03340870000010909,6d74e24d947418621d93b563cf5d476965ecd6c5c5b53569bc3ee7919afe6f0b,After pricing construction: global time budget exhausted
model_v3_vertex,2019-03-05_N8_C2,60.0,greedy_10,vertex,2019-03-05_N8_C2_greedy_10_s2.json,2,time_limit,1,49.0,44.0,11.363636363636363,0.37833969999974215,0.3961442999998326,60.001288399999794,0.0072624000003997935,0.013557100000070932,20.907736299988755,27.3711217999944,6.640368000004855,1154,3.602057451170395,29,0.038475499999549356,6d74e24d947418621d93b563cf5d476965ecd6c5c5b53569bc3ee7919afe6f0b,After master construction: global time budget exhausted
model_v3_vertex,2019-03-05_N8_C2,60.0,exact,vertex,2019-03-05_N8_C2_exact_r2.json,0,time_limit,1,47.0,44.0,6.818181818181818,0.1280406000005314,0.1280406000005314,60.00534990000051,0.0084631999998237,0.014330400000289956,20.61568120000902,28.172549400001117,6.640407300015795,975,3.6020574511703947,51,0.032090500000776956,6d74e24d947418621d93b563cf5d476965ecd6c5c5b53569bc3ee7919afe6f0b,列生成在精确定价完成之前达到时间限制
model_v3_vertex,2019-03-05_N12_C3,60.0,compact,vertex,2019-03-05_N12_C3_compact.json,0,optimal,1,67.0,67.0,0.0,0.012494600000536593,0.03019120000044495,0.032643800000187184,,,,,,,,,,6d74e24d947418621d93b563cf5d476965ecd6c5c5b53569bc3ee7919afe6f0b,
model_v3_vertex,2019-03-05_N12_C3,60.0,qaia_50_4,vertex,2019-03-05_N12_C3_qaia_50_4_s0.json,0,optimal,1,67.0,67.0,0.0,0.2777716999999029,0.6339109000000462,0.6456807999993543,0.054070400000455265,0.011529500000506232,0.08971620000011171,0.0,0.42954609999924287,1,19.246753246753247,20,0.01319210000019666,6d74e24d947418621d93b563cf5d476965ecd6c5c5b53569bc3ee7919afe6f0b,
model_v3_vertex,2019-03-05_N12_C3,60.0,qaia_200_10,vertex,2019-03-05_N12_C3_qaia_200_10_s0.json,0,time_limit,1,68.0,67.0,1.492537313432836,0.8489760000002207,0.8614692999999534,60.06371760000002,0.052852299999358365,0.011813699999947858,20.59631389999322,31.98438430000897,5.456939499998043,417,19.246753246753247,19,0.02006630000050791,6d74e24d947418621d93b563cf5d476965ecd6c5c5b53569bc3ee7919afe6f0b,After pricing construction: global time budget exhausted
model_v3_vertex,2019-03-05_N12_C3,60.0,greedy_4,vertex,2019-03-05_N12_C3_greedy_4_s0.json,0,optimal,1,67.0,67.0,0.0,0.41824020000058226,0.42323510000005626,0.4309614000003421,0.018584399999781454,0.01077999999961321,0.0907113000002937,0.0,0.2780049999992116,1,19.246753246753247,14,0.012243000000125903,6d74e24d947418621d93b563cf5d476965ecd6c5c5b53569bc3ee7919afe6f0b,
model_v3_vertex,2019-03-05_N12_C3,60.0,greedy_10,vertex,2019-03-05_N12_C3_greedy_10_s0.json,0,optimal,1,67.0,67.0,0.0,0.20407650000015565,11.536323000000266,11.571516800000609,0.018708600000536535,0.01094210000064777,3.9883215999943786,6.01326479999716,1.2292408999919644,48,19.246753246753247,11,0.010573399999884714,6d74e24d947418621d93b563cf5d476965ecd6c5c5b53569bc3ee7919afe6f0b,
model_v3_vertex,2019-03-05_N12_C3,60.0,exact,vertex,2019-03-05_N12_C3_exact_r0.json,0,time_limit,1,68.0,67.0,1.492537313432836,0.22802409999985684,0.40313400000013644,60.00602270000036,0.017859900000075868,0.01100399999995716,26.111385500000324,27.346267699993405,5.028471299988269,133,19.246753246753247,13,0.0189594000003126,6d74e24d947418621d93b563cf5d476965ecd6c5c5b53569bc3ee7919afe6f0b,After branch construction: global time budget exhausted
model_v3_vertex,2019-03-05_N12_C3,60.0,exact,vertex,2019-03-05_N12_C3_exact_r1.json,0,time_limit,1,68.0,67.0,1.492537313432836,0.2235649000003832,0.3995409999997719,60.127577199999905,0.020345199999610486,0.010885000000598666,26.915386799999396,26.25397840000005,5.481016699994143,88,19.246753246753247,13,0.022101399999883142,6d74e24d947418621d93b563cf5d476965ecd6c5c5b53569bc3ee7919afe6f0b,After branch construction: global time budget exhausted
model_v3_vertex,2019-03-05_N12_C3,60.0,greedy_10,vertex,2019-03-05_N12_C3_greedy_10_s1.json,1,optimal,1,67.0,67.0,0.0,0.18789579999975103,0.18789579999975103,0.4078197999997428,0.022060100000089733,0.01277340000069671,0.09819289999995817,0.0,0.23939640000207874,1,19.246753246753247,12,0.01198350000049686,6d74e24d947418621d93b563cf5d476965ecd6c5c5b53569bc3ee7919afe6f0b,
model_v3_vertex,2019-03-05_N12_C3,60.0,greedy_4,vertex,2019-03-05_N12_C3_greedy_4_s1.json,1,optimal,1,67.0,67.0,0.0,0.2583484999995562,20.210953799999515,20.294974399999774,0.02318199999990611,0.012280399999326619,8.860309000004236,8.874400799999421,2.0262114999932237,30,19.246753246753247,13,0.012597299999470124,6d74e24d947418621d93b563cf5d476965ecd6c5c5b53569bc3ee7919afe6f0b,
model_v3_vertex,2019-03-05_N12_C3,60.0,qaia_200_10,vertex,2019-03-05_N12_C3_qaia_200_10_s1.json,1,optimal,1,67.0,67.0,0.0,2.5698270000002594,2.592557200000556,2.6140027000001282,0.12690020000081859,0.029804900000272028,0.4074458999994022,0.0,1.9161307000003944,1,19.246753246753247,18,0.043456399999740825,6d74e24d947418621d93b563cf5d476965ecd6c5c5b53569bc3ee7919afe6f0b,
model_v3_vertex,2019-03-05_N12_C3,60.0,qaia_50_4,vertex,2019-03-05_N12_C3_qaia_50_4_s1.json,1,optimal,1,67.0,67.0,0.0,0.814295499999389,1.7432404999999562,1.7761866000000737,0.12020120000033785,0.02828380000028119,0.3942221999996036,0.0,1.0942883000016081,1,19.246753246753247,20,0.04145340000013675,6d74e24d947418621d93b563cf5d476965ecd6c5c5b53569bc3ee7919afe6f0b,
model_v3_vertex,2019-03-05_N12_C3,60.0,qaia_50_4,vertex,2019-03-05_N12_C3_qaia_50_4_s2.json,2,optimal,1,67.0,67.0,0.0,0.8423657000003004,1.8194917000000714,1.856064399999923,0.07784259999971255,0.032810300000164716,0.4002227999999377,0.0,1.1939569000005577,1,19.246753246753247,20,0.040214300000116054,6d74e24d947418621d93b563cf5d476965ecd6c5c5b53569bc3ee7919afe6f0b,
model_v3_vertex,2019-03-05_N12_C3,60.0,qaia_200_10,vertex,2019-03-05_N12_C3_qaia_200_10_s2.json,2,optimal,1,67.0,67.0,0.0,2.6285987000001114,2.6285987000001114,2.65937490000033,0.11073699999997189,0.026451699999597622,0.40525260000049457,0.0,1.9957431999991968,1,19.246753246753247,19,0.030042800000046554,6d74e24d947418621d93b563cf5d476965ecd6c5c5b53569bc3ee7919afe6f0b,
model_v3_vertex,2019-03-05_N12_C3,60.0,greedy_4,vertex,2019-03-05_N12_C3_greedy_4_s2.json,2,optimal,1,67.0,67.0,0.0,0.5176259999998365,0.5227656000006391,0.5297036000001754,0.018788800000038464,0.011628300000666059,0.094250799999827,0.0,0.3665681999982553,1,19.246753246753247,17,0.011928400000215333,6d74e24d947418621d93b563cf5d476965ecd6c5c5b53569bc3ee7919afe6f0b,
model_v3_vertex,2019-03-05_N12_C3,60.0,greedy_10,vertex,2019-03-05_N12_C3_greedy_10_s2.json,2,time_limit,1,68.0,67.0,1.492537313432836,0.21315749999939726,59.50411470000017,60.153939799999534,0.018155300000216812,0.010726399999839487,26.738380699996924,26.358914299998105,5.678815399995074,87,19.246753246753247,13,0.011906400000043504,6d74e24d947418621d93b563cf5d476965ecd6c5c5b53569bc3ee7919afe6f0b,After pricing construction: global time budget exhausted
model_v3_vertex,2019-03-05_N12_C3,60.0,exact,vertex,2019-03-05_N12_C3_exact_r2.json,0,time_limit,1,68.0,67.0,1.492537313432836,0.22955840000031458,0.39674680000007356,60.11751389999972,0.02003549999972165,0.011913000000276952,25.169448199993894,28.178014899998743,5.141555400012294,168,19.246753246753247,13,0.020553600000312144,6d74e24d947418621d93b563cf5d476965ecd6c5c5b53569bc3ee7919afe6f0b,After branch construction: global time budget exhausted
model_v3_vehicle,2019-03-05_N8_C2,60.0,compact,vehicle,2019-03-05_N8_C2_compact.json,0,optimal,1,44.0,44.0,0.0,0.011034499999368563,0.02746690000003582,0.034413699999277014,,,,,,,,,,6d74e24d947418621d93b563cf5d476965ecd6c5c5b53569bc3ee7919afe6f0b,
model_v3_vehicle,2019-03-05_N8_C2,60.0,qaia_50_4,vehicle,2019-03-05_N8_C2_qaia_50_4_s0.json,0,time_limit,1,44.0,44.0,0.0,0.5362021999999342,42.83207879999918,60.013703099999475,0.025913299999956507,0.10513429999991786,23.458552600000075,20.844353200003752,11.907750899988969,125,41.0,19,0.04347269999925629,6d74e24d947418621d93b563cf5d476965ecd6c5c5b53569bc3ee7919afe6f0b,列生成在精确定价完成之前达到时间限制
model_v3_vehicle,2019-03-05_N8_C2,60.0,qaia_200_10,vehicle,2019-03-05_N8_C2_qaia_200_10_s0.json,0,time_limit,1,45.0,44.0,2.272727272727273,0.589140099999895,25.37643779999962,60.146836599999915,0.01660589999937656,0.09166589999949792,22.469814999993105,21.545410199998514,12.395706700004666,123,40.99999999999999,17,0.0231420000000071,6d74e24d947418621d93b563cf5d476965ecd6c5c5b53569bc3ee7919afe6f0b,After branch construction: global time budget exhausted
model_v3_vehicle,2019-03-05_N8_C2,60.0,greedy_4,vehicle,2019-03-05_N8_C2_greedy_4_s0.json,0,time_limit,1,44.0,44.0,0.0,0.11904779999986204,29.43560720000005,60.005599600000096,0.007308199999897624,0.014478500000222994,23.41795969999839,21.39483200000177,11.414839699995355,149,41.0,13,0.010317899999790825,6d74e24d947418621d93b563cf5d476965ecd6c5c5b53569bc3ee7919afe6f0b,After branch construction: global time budget exhausted
model_v3_vehicle,2019-03-05_N8_C2,60.0,greedy_10,vehicle,2019-03-05_N8_C2_greedy_10_s0.json,0,time_limit,1,45.0,44.0,2.272727272727273,0.34934789999988425,1.9841302000004362,60.12985730000037,0.007442899999659858,0.014690699999846402,22.91241230000196,20.7373520000001,12.539118999991842,144,41.0,15,0.027608000000327593,6d74e24d947418621d93b563cf5d476965ecd6c5c5b53569bc3ee7919afe6f0b,After pricing construction: global time budget exhausted
model_v3_vehicle,2019-03-05_N8_C2,60.0,exact,vehicle,2019-03-05_N8_C2_exact_r0.json,0,time_limit,1,45.0,44.0,2.272727272727273,0.139220000000023,0.2956737000004068,60.00335130000076,0.008495500000208267,0.016860100000485545,21.49144090000209,20.263067599998067,13.885943699993732,140,41.0,16,0.010643900000104622,6d74e24d947418621d93b563cf5d476965ecd6c5c5b53569bc3ee7919afe6f0b,Exact pricing reached TimeLimit; node is not certified
model_v3_vehicle,2019-03-05_N8_C2,60.0,exact,vehicle,2019-03-05_N8_C2_exact_r1.json,0,time_limit,1,45.0,44.0,2.272727272727273,0.12269620000006398,0.27976240000134567,60.006392100000085,0.008355900001333794,0.016968699999779346,22.1010167000004,19.31082150000111,14.164605099987966,141,41.0,16,0.010502099999939674,6d74e24d947418621d93b563cf5d476965ecd6c5c5b53569bc3ee7919afe6f0b,Exact pricing reached TimeLimit; node is not certified
model_v3_vehicle,2019-03-05_N8_C2,60.0,greedy_10,vehicle,2019-03-05_N8_C2_greedy_10_s1.json,1,time_limit,1,45.0,44.0,2.272727272727273,0.33461849999912374,45.347288599999956,60.07281619999958,0.007273200000781799,0.014535600001181592,22.612870199996905,21.293772300001365,12.301360500006922,151,41.0,15,0.020222400000420748,6d74e24d947418621d93b563cf5d476965ecd6c5c5b53569bc3ee7919afe6f0b,After pricing construction: global time budget exhausted
model_v3_vehicle,2019-03-05_N8_C2,60.0,greedy_4,vehicle,2019-03-05_N8_C2_greedy_4_s1.json,1,time_limit,1,44.0,44.0,0.0,0.1292685000007623,54.54046680000101,60.14196360000096,0.007186900000306196,0.017763300000297022,23.238245400003507,22.02255359999799,11.315268000025753,146,41.0,13,0.017138100000011036,6d74e24d947418621d93b563cf5d476965ecd6c5c5b53569bc3ee7919afe6f0b,After branch construction: global time budget exhausted
model_v3_vehicle,2019-03-05_N8_C2,60.0,qaia_200_10,vehicle,2019-03-05_N8_C2_qaia_200_10_s1.json,1,time_limit,1,47.0,44.0,6.818181818181818,0.5688988999991125,1.4487049999988812,60.100634599999466,0.024788099999568658,0.10164660000009462,21.35380070001156,21.29801199999929,13.391134300009071,118,41.0,14,0.04037389999939478,6d74e24d947418621d93b563cf5d476965ecd6c5c5b53569bc3ee7919afe6f0b,After pricing construction: global time budget exhausted
model_v3_vehicle,2019-03-05_N8_C2,60.0,qaia_50_4,vehicle,2019-03-05_N8_C2_qaia_50_4_s1.json,1,time_limit,1,44.0,44.0,0.0,0.47704460000022664,40.91354369999863,60.00518519999969,0.014338799999677576,0.08890040000005683,23.68879300000299,21.041090999997323,11.551643300015712,133,41.0,19,0.03286590000061551,6d74e24d947418621d93b563cf5d476965ecd6c5c5b53569bc3ee7919afe6f0b,Exact pricing: global time budget exhausted
model_v3_vehicle,2019-03-05_N8_C2,60.0,qaia_50_4,vehicle,2019-03-05_N8_C2_qaia_50_4_s2.json,2,time_limit,1,44.0,44.0,0.0,0.4401484999998502,41.58635959999992,60.02219900000091,0.011977599999227095,0.08136430000013206,23.526389099997687,21.18156889999409,11.617622700017819,131,41.0,19,0.03292700000019977,6d74e24d947418621d93b563cf5d476965ecd6c5c5b53569bc3ee7919afe6f0b,After pricing construction: global time budget exhausted
model_v3_vehicle,2019-03-05_N8_C2,60.0,qaia_200_10,vehicle,2019-03-05_N8_C2_qaia_200_10_s2.json,2,time_limit,1,44.0,44.0,0.0,0.5584684000004927,10.4786550000008,60.148127399999794,0.023302499999772408,0.09572219999972731,23.83970280000176,20.503422899988436,12.028910000024553,145,40.99999999999997,15,0.014429099999688333,6d74e24d947418621d93b563cf5d476965ecd6c5c5b53569bc3ee7919afe6f0b,After pricing construction: global time budget exhausted
model_v3_vehicle,2019-03-05_N8_C2,60.0,greedy_4,vehicle,2019-03-05_N8_C2_greedy_4_s2.json,2,time_limit,1,44.0,44.0,0.0,0.12098770000011427,0.7801118000006682,60.13977850000083,0.007586800000353833,0.015249000000039814,23.500459100001535,20.61024729998826,12.064964299963322,152,41.00000000000003,15,0.03318309999849589,6d74e24d947418621d93b563cf5d476965ecd6c5c5b53569bc3ee7919afe6f0b,After pricing construction: global time budget exhausted
model_v3_vehicle,2019-03-05_N8_C2,60.0,greedy_10,vehicle,2019-03-05_N8_C2_greedy_10_s2.json,2,time_limit,1,44.0,44.0,0.0,0.12870609999845328,42.928418199999214,60.137059199998475,0.007674200000110432,0.014398700001038378,23.51212650000707,21.38592780001636,11.407197900036408,148,40.999999999999986,13,0.02073510000082024,6d74e24d947418621d93b563cf5d476965ecd6c5c5b53569bc3ee7919afe6f0b,After branch construction: global time budget exhausted
model_v3_vehicle,2019-03-05_N8_C2,60.0,exact,vehicle,2019-03-05_N8_C2_exact_r2.json,0,time_limit,1,45.0,44.0,2.272727272727273,0.13198060000104306,0.28031210000153806,60.00622860000112,0.007367000000158441,0.014324499999929685,22.19250490000377,19.574574099991878,13.879228500018144,143,41.0,16,0.009144199999354896,6d74e24d947418621d93b563cf5d476965ecd6c5c5b53569bc3ee7919afe6f0b,Exact pricing: global time budget exhausted
model_v3_vehicle,2019-03-05_N12_C3,60.0,compact,vehicle,2019-03-05_N12_C3_compact.json,0,optimal,1,67.0,67.0,0.0,0.01383920000080252,0.04145530000096187,0.04383810000035737,,,,,,,,,,6d74e24d947418621d93b563cf5d476965ecd6c5c5b53569bc3ee7919afe6f0b,
model_v3_vehicle,2019-03-05_N12_C3,60.0,qaia_50_4,vehicle,2019-03-05_N12_C3_qaia_50_4_s0.json,0,optimal,1,67.0,67.0,0.0,1.0508991000006063,35.9265962999998,36.05320329999995,0.1351730000005773,0.04040340000028664,15.966744799998196,14.833157000002757,3.976749400020708,62,67.0,7,0.03727430000071763,6d74e24d947418621d93b563cf5d476965ecd6c5c5b53569bc3ee7919afe6f0b,
model_v3_vehicle,2019-03-05_N12_C3,60.0,qaia_200_10,vehicle,2019-03-05_N12_C3_qaia_200_10_s0.json,0,optimal,1,67.0,67.0,0.0,0.8543385999983002,0.8543385999983002,1.3199096999996982,0.08375950000117882,0.026519400000324822,0.3781732000006741,0.0,0.7635874999996304,1,67.0,8,0.02165439999953378,6d74e24d947418621d93b563cf5d476965ecd6c5c5b53569bc3ee7919afe6f0b,
model_v3_vehicle,2019-03-05_N12_C3,60.0,greedy_4,vehicle,2019-03-05_N12_C3_greedy_4_s0.json,0,optimal,1,67.0,67.0,0.0,0.2951002999998309,0.302595700000893,0.3112985999996454,0.018328499998460757,0.011096899999756715,0.09361669999998412,0.0,0.16034610000133398,1,67.0,6,0.015397999999549938,6d74e24d947418621d93b563cf5d476965ecd6c5c5b53569bc3ee7919afe6f0b,
model_v3_vehicle,2019-03-05_N12_C3,60.0,greedy_10,vehicle,2019-03-05_N12_C3_greedy_10_s0.json,0,optimal,1,67.0,67.0,0.0,0.21557560000110243,0.659471000000849,0.6679678000000422,0.01841489999969781,0.010530199999266188,0.18916509999871778,0.20807190000050468,0.19292769999992743,2,67.0,7,0.015127399999983027,6d74e24d947418621d93b563cf5d476965ecd6c5c5b53569bc3ee7919afe6f0b,
model_v3_vehicle,2019-03-05_N12_C3,60.0,exact,vehicle,2019-03-05_N12_C3_exact_r0.json,0,optimal,1,67.0,67.0,0.0,0.3050941999990755,46.22111529999893,46.29643279999982,0.018462599999111262,0.0114806999990833,20.4928239999972,19.540024899994023,4.685550500003956,141,67.0,7,0.0252569999993284,6d74e24d947418621d93b563cf5d476965ecd6c5c5b53569bc3ee7919afe6f0b,
model_v3_vehicle,2019-03-05_N12_C3,60.0,exact,vehicle,2019-03-05_N12_C3_exact_r1.json,0,optimal,1,67.0,67.0,0.0,0.2977319000001444,21.793394700000135,21.86916840000049,0.01775200000156474,0.01093619999846851,7.471957399986422,11.093349600016154,2.4960532000168314,141,67.0,7,0.023949299999003415,6d74e24d947418621d93b563cf5d476965ecd6c5c5b53569bc3ee7919afe6f0b,
model_v3_vehicle,2019-03-05_N12_C3,60.0,greedy_10,vehicle,2019-03-05_N12_C3_greedy_10_s1.json,1,optimal,1,67.0,67.0,0.0,0.17073170000003302,0.17073170000003302,0.3072338999991189,0.018208299999969313,0.010954200000924175,0.08876589999999851,0.0,0.16175700000349025,1,67.0,7,0.011175200001162011,6d74e24d947418621d93b563cf5d476965ecd6c5c5b53569bc3ee7919afe6f0b,
model_v3_vehicle,2019-03-05_N12_C3,60.0,greedy_4,vehicle,2019-03-05_N12_C3_greedy_4_s1.json,1,optimal,1,67.0,67.0,0.0,0.30333819999941625,8.261880099998962,8.286244999999326,0.018531699999584816,0.010694900000089547,2.5820021999934397,4.315206500001295,1.0971630000040022,38,67.0,7,0.019578099998398102,6d74e24d947418621d93b563cf5d476965ecd6c5c5b53569bc3ee7919afe6f0b,
model_v3_vehicle,2019-03-05_N12_C3,60.0,qaia_200_10,vehicle,2019-03-05_N12_C3_qaia_200_10_s1.json,1,optimal,1,67.0,67.0,0.0,0.2878588999992644,0.2878588999992644,0.4422658000003139,0.053711300000941264,0.010797599999932572,0.08831079999981739,0.0,0.2678641000020434,1,67.0,7,0.0064848000001802575,6d74e24d947418621d93b563cf5d476965ecd6c5c5b53569bc3ee7919afe6f0b,
model_v3_vehicle,2019-03-05_N12_C3,60.0,qaia_50_4,vehicle,2019-03-05_N12_C3_qaia_50_4_s1.json,1,optimal,1,67.0,67.0,0.0,0.3425311999999394,12.460765800000445,12.500186999999642,0.05360689999906754,0.012242999999216408,4.043193699992116,6.473772499994084,1.5225570000056905,62,67.0,7,0.018336600000111503,6d74e24d947418621d93b563cf5d476965ecd6c5c5b53569bc3ee7919afe6f0b,
model_v3_vehicle,2019-03-05_N12_C3,60.0,qaia_50_4,vehicle,2019-03-05_N12_C3_qaia_50_4_s2.json,2,optimal,1,67.0,67.0,0.0,0.33560920000127226,12.275368500000695,12.31387850000101,0.05711920000067039,0.011970899999141693,3.962242800002059,6.405919999993785,1.5024393000021519,62,67.0,7,0.011135299999295967,6d74e24d947418621d93b563cf5d476965ecd6c5c5b53569bc3ee7919afe6f0b,
model_v3_vehicle,2019-03-05_N12_C3,60.0,qaia_200_10,vehicle,2019-03-05_N12_C3_qaia_200_10_s2.json,2,optimal,1,67.0,67.0,0.0,0.2892717000013363,0.2892717000013363,0.4523564000010083,0.05564359999880253,0.01189189999968221,0.08931529999972554,0.0,0.26395229999980074,1,67.0,7,0.00837130000036268,6d74e24d947418621d93b563cf5d476965ecd6c5c5b53569bc3ee7919afe6f0b,
model_v3_vehicle,2019-03-05_N12_C3,60.0,greedy_4,vehicle,2019-03-05_N12_C3_greedy_4_s2.json,2,optimal,1,67.0,67.0,0.0,0.3534515999999712,6.311284800000067,6.335796299999856,0.017540199998620665,0.01071369999954186,1.8904479999928299,3.345408800001678,0.8786276999999245,30,67.0,9,0.010022200000094017,6d74e24d947418621d93b563cf5d476965ecd6c5c5b53569bc3ee7919afe6f0b,
model_v3_vehicle,2019-03-05_N12_C3,60.0,greedy_10,vehicle,2019-03-05_N12_C3_greedy_10_s2.json,2,optimal,1,67.0,67.0,0.0,0.20517839999956777,23.91262199999983,23.979722199999742,0.017982900000788504,0.01054170000134036,7.863653500013243,12.554346299995814,2.744764599994596,140,67.0,9,0.021389699999417644,6d74e24d947418621d93b563cf5d476965ecd6c5c5b53569bc3ee7919afe6f0b,
model_v3_vehicle,2019-03-05_N12_C3,60.0,exact,vehicle,2019-03-05_N12_C3_exact_r2.json,0,optimal,1,67.0,67.0,0.0,0.28641960000095423,21.959463799999867,22.039042899999913,0.0188428000001295,0.010989000000336091,7.499198000012257,11.221302999969339,2.5158046999986254,141,67.0,7,0.01639239999894926,6d74e24d947418621d93b563cf5d476965ecd6c5c5b53569bc3ee7919afe6f0b,
