batch,instance,budget,completion_rows,method,result,seed,seconds,objective,source
model_v3_vertex,2019-03-05_N8_C2,60.0,vertex,compact,2019-03-05_N8_C2_compact.json,0,0.009377300000778632,68.0,compact_mipsol
model_v3_vertex,2019-03-05_N8_C2,60.0,vertex,compact,2019-03-05_N8_C2_compact.json,0,0.027069800000390387,58.0,compact_mipsol
model_v3_vertex,2019-03-05_N8_C2,60.0,vertex,compact,2019-03-05_N8_C2_compact.json,0,0.02834620000066934,57.0,compact_mipsol
model_v3_vertex,2019-03-05_N8_C2,60.0,vertex,compact,2019-03-05_N8_C2_compact.json,0,0.029398200000287034,52.0,compact_mipsol
model_v3_vertex,2019-03-05_N8_C2,60.0,vertex,compact,2019-03-05_N8_C2_compact.json,0,0.049398300000575546,50.0,compact_mipsol
model_v3_vertex,2019-03-05_N8_C2,60.0,vertex,compact,2019-03-05_N8_C2_compact.json,0,0.05675930000052176,49.0,compact_mipsol
model_v3_vertex,2019-03-05_N8_C2,60.0,vertex,compact,2019-03-05_N8_C2_compact.json,0,0.05890590000035445,48.0,compact_mipsol
model_v3_vertex,2019-03-05_N8_C2,60.0,vertex,compact,2019-03-05_N8_C2_compact.json,0,0.06296210000073188,46.0,compact_mipsol
model_v3_vertex,2019-03-05_N8_C2,60.0,vertex,compact,2019-03-05_N8_C2_compact.json,0,0.06369060000088211,45.0,compact_mipsol
model_v3_vertex,2019-03-05_N8_C2,60.0,vertex,compact,2019-03-05_N8_C2_compact.json,0,0.07340650000060123,44.0,compact_mipsol
model_v3_vertex,2019-03-05_N8_C2,60.0,vertex,qaia_50_4,2019-03-05_N8_C2_qaia_50_4_s0.json,0,0.15942450000056851,49.0,rmp_integer
model_v3_vertex,2019-03-05_N8_C2,60.0,vertex,qaia_200_10,2019-03-05_N8_C2_qaia_200_10_s0.json,0,1.8986746000000494,50.0,restricted_mip
model_v3_vertex,2019-03-05_N8_C2,60.0,vertex,qaia_200_10,2019-03-05_N8_C2_qaia_200_10_s0.json,0,1.9141242999994574,49.0,restricted_mip
model_v3_vertex,2019-03-05_N8_C2,60.0,vertex,qaia_200_10,2019-03-05_N8_C2_qaia_200_10_s0.json,0,1.917805999999473,47.0,restricted_mip
model_v3_vertex,2019-03-05_N8_C2,60.0,vertex,qaia_200_10,2019-03-05_N8_C2_qaia_200_10_s0.json,0,4.47352679999949,45.0,restricted_mip
model_v3_vertex,2019-03-05_N8_C2,60.0,vertex,greedy_4,2019-03-05_N8_C2_greedy_4_s0.json,0,0.3933862000003501,46.0,restricted_mip
model_v3_vertex,2019-03-05_N8_C2,60.0,vertex,greedy_10,2019-03-05_N8_C2_greedy_10_s0.json,0,0.420917799999188,54.0,restricted_mip
model_v3_vertex,2019-03-05_N8_C2,60.0,vertex,greedy_10,2019-03-05_N8_C2_greedy_10_s0.json,0,0.426827699999194,50.0,restricted_mip
model_v3_vertex,2019-03-05_N8_C2,60.0,vertex,greedy_10,2019-03-05_N8_C2_greedy_10_s0.json,0,0.42986049999944953,49.0,restricted_mip
model_v3_vertex,2019-03-05_N8_C2,60.0,vertex,greedy_10,2019-03-05_N8_C2_greedy_10_s0.json,0,0.6744235999994999,48.0,restricted_mip
model_v3_vertex,2019-03-05_N8_C2,60.0,vertex,exact,2019-03-05_N8_C2_exact_r0.json,0,0.1183327000007921,47.0,rmp_integer
model_v3_vertex,2019-03-05_N8_C2,60.0,vertex,exact,2019-03-05_N8_C2_exact_r1.json,0,0.1183526000004349,47.0,rmp_integer
model_v3_vertex,2019-03-05_N8_C2,60.0,vertex,greedy_10,2019-03-05_N8_C2_greedy_10_s1.json,1,0.3831299000003128,53.0,restricted_mip
model_v3_vertex,2019-03-05_N8_C2,60.0,vertex,greedy_10,2019-03-05_N8_C2_greedy_10_s1.json,1,0.3901138000001083,52.0,restricted_mip
model_v3_vertex,2019-03-05_N8_C2,60.0,vertex,greedy_10,2019-03-05_N8_C2_greedy_10_s1.json,1,0.39142919999994774,50.0,restricted_mip
model_v3_vertex,2019-03-05_N8_C2,60.0,vertex,greedy_10,2019-03-05_N8_C2_greedy_10_s1.json,1,0.39309400000001915,49.0,restricted_mip
model_v3_vertex,2019-03-05_N8_C2,60.0,vertex,greedy_4,2019-03-05_N8_C2_greedy_4_s1.json,1,0.3511783000003561,55.0,restricted_mip
model_v3_vertex,2019-03-05_N8_C2,60.0,vertex,greedy_4,2019-03-05_N8_C2_greedy_4_s1.json,1,0.3570436999998492,50.0,restricted_mip
model_v3_vertex,2019-03-05_N8_C2,60.0,vertex,greedy_4,2019-03-05_N8_C2_greedy_4_s1.json,1,0.3600490999997419,49.0,restricted_mip
model_v3_vertex,2019-03-05_N8_C2,60.0,vertex,greedy_4,2019-03-05_N8_C2_greedy_4_s1.json,1,0.5472396000004665,46.0,restricted_mip
model_v3_vertex,2019-03-05_N8_C2,60.0,vertex,qaia_200_10,2019-03-05_N8_C2_qaia_200_10_s1.json,1,0.6746175999996922,53.0,restricted_mip
model_v3_vertex,2019-03-05_N8_C2,60.0,vertex,qaia_200_10,2019-03-05_N8_C2_qaia_200_10_s1.json,1,0.6863343999993958,48.0,restricted_mip
model_v3_vertex,2019-03-05_N8_C2,60.0,vertex,qaia_200_10,2019-03-05_N8_C2_qaia_200_10_s1.json,1,0.6880878000001758,47.0,restricted_mip
model_v3_vertex,2019-03-05_N8_C2,60.0,vertex,qaia_200_10,2019-03-05_N8_C2_qaia_200_10_s1.json,1,1.240376699999615,46.0,restricted_mip
model_v3_vertex,2019-03-05_N8_C2,60.0,vertex,qaia_50_4,2019-03-05_N8_C2_qaia_50_4_s1.json,1,0.6013514999995095,49.0,rmp_integer
model_v3_vertex,2019-03-05_N8_C2,60.0,vertex,qaia_50_4,2019-03-05_N8_C2_qaia_50_4_s2.json,2,0.15523659999962547,49.0,rmp_integer
model_v3_vertex,2019-03-05_N8_C2,60.0,vertex,qaia_200_10,2019-03-05_N8_C2_qaia_200_10_s2.json,2,0.653642299999774,73.0,restricted_mip
model_v3_vertex,2019-03-05_N8_C2,60.0,vertex,qaia_200_10,2019-03-05_N8_C2_qaia_200_10_s2.json,2,0.6584679999996297,48.0,restricted_mip
model_v3_vertex,2019-03-05_N8_C2,60.0,vertex,greedy_4,2019-03-05_N8_C2_greedy_4_s2.json,2,0.3809323999994376,50.0,restricted_mip
model_v3_vertex,2019-03-05_N8_C2,60.0,vertex,greedy_4,2019-03-05_N8_C2_greedy_4_s2.json,2,0.3865379999997458,47.0,restricted_mip
model_v3_vertex,2019-03-05_N8_C2,60.0,vertex,greedy_4,2019-03-05_N8_C2_greedy_4_s2.json,2,0.3883436999994956,46.0,restricted_mip
model_v3_vertex,2019-03-05_N8_C2,60.0,vertex,greedy_10,2019-03-05_N8_C2_greedy_10_s2.json,2,0.37833969999974215,74.0,restricted_mip
model_v3_vertex,2019-03-05_N8_C2,60.0,vertex,greedy_10,2019-03-05_N8_C2_greedy_10_s2.json,2,0.38495630000034,57.0,restricted_mip
model_v3_vertex,2019-03-05_N8_C2,60.0,vertex,greedy_10,2019-03-05_N8_C2_greedy_10_s2.json,2,0.38695350000034523,53.0,restricted_mip
model_v3_vertex,2019-03-05_N8_C2,60.0,vertex,greedy_10,2019-03-05_N8_C2_greedy_10_s2.json,2,0.38893759999973554,50.0,restricted_mip
model_v3_vertex,2019-03-05_N8_C2,60.0,vertex,greedy_10,2019-03-05_N8_C2_greedy_10_s2.json,2,0.3961442999998326,49.0,restricted_mip
model_v3_vertex,2019-03-05_N8_C2,60.0,vertex,exact,2019-03-05_N8_C2_exact_r2.json,0,0.1280406000005314,47.0,rmp_integer
model_v3_vertex,2019-03-05_N12_C3,60.0,vertex,compact,2019-03-05_N12_C3_compact.json,0,0.012494600000536593,68.0,compact_mipsol
model_v3_vertex,2019-03-05_N12_C3,60.0,vertex,compact,2019-03-05_N12_C3_compact.json,0,0.03019120000044495,67.0,compact_mipsol
model_v3_vertex,2019-03-05_N12_C3,60.0,vertex,qaia_50_4,2019-03-05_N12_C3_qaia_50_4_s0.json,0,0.2777716999999029,74.0,rmp_integer
model_v3_vertex,2019-03-05_N12_C3,60.0,vertex,qaia_50_4,2019-03-05_N12_C3_qaia_50_4_s0.json,0,0.6312842999996064,68.0,restricted_mip
model_v3_vertex,2019-03-05_N12_C3,60.0,vertex,qaia_50_4,2019-03-05_N12_C3_qaia_50_4_s0.json,0,0.6339109000000462,67.0,restricted_mip
model_v3_vertex,2019-03-05_N12_C3,60.0,vertex,qaia_200_10,2019-03-05_N12_C3_qaia_200_10_s0.json,0,0.8489760000002207,74.0,restricted_mip
model_v3_vertex,2019-03-05_N12_C3,60.0,vertex,qaia_200_10,2019-03-05_N12_C3_qaia_200_10_s0.json,0,0.8614692999999534,68.0,restricted_mip
model_v3_vertex,2019-03-05_N12_C3,60.0,vertex,greedy_4,2019-03-05_N12_C3_greedy_4_s0.json,0,0.41824020000058226,72.0,restricted_mip
model_v3_vertex,2019-03-05_N12_C3,60.0,vertex,greedy_4,2019-03-05_N12_C3_greedy_4_s0.json,0,0.42323510000005626,67.0,restricted_mip
model_v3_vertex,2019-03-05_N12_C3,60.0,vertex,greedy_10,2019-03-05_N12_C3_greedy_10_s0.json,0,0.20407650000015565,70.0,rmp_integer
model_v3_vertex,2019-03-05_N12_C3,60.0,vertex,greedy_10,2019-03-05_N12_C3_greedy_10_s0.json,0,10.727145400000154,69.0,rmp_integer
model_v3_vertex,2019-03-05_N12_C3,60.0,vertex,greedy_10,2019-03-05_N12_C3_greedy_10_s0.json,0,11.536323000000266,67.0,rmp_integer
model_v3_vertex,2019-03-05_N12_C3,60.0,vertex,exact,2019-03-05_N12_C3_exact_r0.json,0,0.22802409999985684,76.0,rmp_integer
model_v3_vertex,2019-03-05_N12_C3,60.0,vertex,exact,2019-03-05_N12_C3_exact_r0.json,0,0.3967467000002216,73.0,restricted_mip
model_v3_vertex,2019-03-05_N12_C3,60.0,vertex,exact,2019-03-05_N12_C3_exact_r0.json,0,0.40313400000013644,68.0,restricted_mip
model_v3_vertex,2019-03-05_N12_C3,60.0,vertex,exact,2019-03-05_N12_C3_exact_r1.json,0,0.2235649000003832,76.0,rmp_integer
model_v3_vertex,2019-03-05_N12_C3,60.0,vertex,exact,2019-03-05_N12_C3_exact_r1.json,0,0.3914082999999664,73.0,restricted_mip
model_v3_vertex,2019-03-05_N12_C3,60.0,vertex,exact,2019-03-05_N12_C3_exact_r1.json,0,0.3995409999997719,68.0,restricted_mip
model_v3_vertex,2019-03-05_N12_C3,60.0,vertex,greedy_10,2019-03-05_N12_C3_greedy_10_s1.json,1,0.18789579999975103,67.0,rmp_integer
model_v3_vertex,2019-03-05_N12_C3,60.0,vertex,greedy_4,2019-03-05_N12_C3_greedy_4_s1.json,1,0.2583484999995562,74.0,rmp_integer
model_v3_vertex,2019-03-05_N12_C3,60.0,vertex,greedy_4,2019-03-05_N12_C3_greedy_4_s1.json,1,0.48142529999950057,73.0,restricted_mip
model_v3_vertex,2019-03-05_N12_C3,60.0,vertex,greedy_4,2019-03-05_N12_C3_greedy_4_s1.json,1,20.210953799999515,67.0,rmp_integer
model_v3_vertex,2019-03-05_N12_C3,60.0,vertex,qaia_200_10,2019-03-05_N12_C3_qaia_200_10_s1.json,1,2.5698270000002594,70.0,restricted_mip
model_v3_vertex,2019-03-05_N12_C3,60.0,vertex,qaia_200_10,2019-03-05_N12_C3_qaia_200_10_s1.json,1,2.592557200000556,67.0,restricted_mip
model_v3_vertex,2019-03-05_N12_C3,60.0,vertex,qaia_50_4,2019-03-05_N12_C3_qaia_50_4_s1.json,1,0.814295499999389,74.0,rmp_integer
model_v3_vertex,2019-03-05_N12_C3,60.0,vertex,qaia_50_4,2019-03-05_N12_C3_qaia_50_4_s1.json,1,1.7345273999999336,68.0,restricted_mip
model_v3_vertex,2019-03-05_N12_C3,60.0,vertex,qaia_50_4,2019-03-05_N12_C3_qaia_50_4_s1.json,1,1.7432404999999562,67.0,restricted_mip
model_v3_vertex,2019-03-05_N12_C3,60.0,vertex,qaia_50_4,2019-03-05_N12_C3_qaia_50_4_s2.json,2,0.8423657000003004,74.0,rmp_integer
model_v3_vertex,2019-03-05_N12_C3,60.0,vertex,qaia_50_4,2019-03-05_N12_C3_qaia_50_4_s2.json,2,1.811888700000054,68.0,restricted_mip
model_v3_vertex,2019-03-05_N12_C3,60.0,vertex,qaia_50_4,2019-03-05_N12_C3_qaia_50_4_s2.json,2,1.8194917000000714,67.0,restricted_mip
model_v3_vertex,2019-03-05_N12_C3,60.0,vertex,qaia_200_10,2019-03-05_N12_C3_qaia_200_10_s2.json,2,2.6285987000001114,67.0,restricted_mip
model_v3_vertex,2019-03-05_N12_C3,60.0,vertex,greedy_4,2019-03-05_N12_C3_greedy_4_s2.json,2,0.5176259999998365,69.0,restricted_mip
model_v3_vertex,2019-03-05_N12_C3,60.0,vertex,greedy_4,2019-03-05_N12_C3_greedy_4_s2.json,2,0.5227656000006391,67.0,restricted_mip
model_v3_vertex,2019-03-05_N12_C3,60.0,vertex,greedy_10,2019-03-05_N12_C3_greedy_10_s2.json,2,0.21315749999939726,70.0,rmp_integer
model_v3_vertex,2019-03-05_N12_C3,60.0,vertex,greedy_10,2019-03-05_N12_C3_greedy_10_s2.json,2,59.50411470000017,68.0,rmp_integer
model_v3_vertex,2019-03-05_N12_C3,60.0,vertex,exact,2019-03-05_N12_C3_exact_r2.json,0,0.22955840000031458,76.0,rmp_integer
model_v3_vertex,2019-03-05_N12_C3,60.0,vertex,exact,2019-03-05_N12_C3_exact_r2.json,0,0.38973970000006375,73.0,restricted_mip
model_v3_vertex,2019-03-05_N12_C3,60.0,vertex,exact,2019-03-05_N12_C3_exact_r2.json,0,0.39674680000007356,68.0,restricted_mip
model_v3_vehicle,2019-03-05_N8_C2,60.0,vehicle,compact,2019-03-05_N8_C2_compact.json,0,0.011034499999368563,68.0,compact_mipsol
model_v3_vehicle,2019-03-05_N8_C2,60.0,vehicle,compact,2019-03-05_N8_C2_compact.json,0,0.02660719999948924,45.0,compact_mipsol
model_v3_vehicle,2019-03-05_N8_C2,60.0,vehicle,compact,2019-03-05_N8_C2_compact.json,0,0.02746690000003582,44.0,compact_mipsol
model_v3_vehicle,2019-03-05_N8_C2,60.0,vehicle,qaia_50_4,2019-03-05_N8_C2_qaia_50_4_s0.json,0,0.5362021999999342,49.0,rmp_integer
model_v3_vehicle,2019-03-05_N8_C2,60.0,vehicle,qaia_50_4,2019-03-05_N8_C2_qaia_50_4_s0.json,0,1.2961138000000574,48.0,restricted_mip
model_v3_vehicle,2019-03-05_N8_C2,60.0,vehicle,qaia_50_4,2019-03-05_N8_C2_qaia_50_4_s0.json,0,1.312580899999375,47.0,restricted_mip
model_v3_vehicle,2019-03-05_N8_C2,60.0,vehicle,qaia_50_4,2019-03-05_N8_C2_qaia_50_4_s0.json,0,1.324078499999814,46.0,restricted_mip
model_v3_vehicle,2019-03-05_N8_C2,60.0,vehicle,qaia_50_4,2019-03-05_N8_C2_qaia_50_4_s0.json,0,9.633850499999426,45.0,rmp_integer
model_v3_vehicle,2019-03-05_N8_C2,60.0,vehicle,qaia_50_4,2019-03-05_N8_C2_qaia_50_4_s0.json,0,42.83207879999918,44.0,rmp_integer
model_v3_vehicle,2019-03-05_N8_C2,60.0,vehicle,qaia_200_10,2019-03-05_N8_C2_qaia_200_10_s0.json,0,0.589140099999895,49.0,rmp_integer
model_v3_vehicle,2019-03-05_N8_C2,60.0,vehicle,qaia_200_10,2019-03-05_N8_C2_qaia_200_10_s0.json,0,1.6682873999998264,47.0,restricted_mip
model_v3_vehicle,2019-03-05_N8_C2,60.0,vehicle,qaia_200_10,2019-03-05_N8_C2_qaia_200_10_s0.json,0,25.37643779999962,45.0,rmp_integer
model_v3_vehicle,2019-03-05_N8_C2,60.0,vehicle,greedy_4,2019-03-05_N8_C2_greedy_4_s0.json,0,0.11904779999986204,49.0,rmp_integer
model_v3_vehicle,2019-03-05_N8_C2,60.0,vehicle,greedy_4,2019-03-05_N8_C2_greedy_4_s0.json,0,0.9891228999995292,47.0,rmp_integer
model_v3_vehicle,2019-03-05_N8_C2,60.0,vehicle,greedy_4,2019-03-05_N8_C2_greedy_4_s0.json,0,24.15811719999965,46.0,rmp_integer
model_v3_vehicle,2019-03-05_N8_C2,60.0,vehicle,greedy_4,2019-03-05_N8_C2_greedy_4_s0.json,0,29.43560720000005,44.0,rmp_integer
model_v3_vehicle,2019-03-05_N8_C2,60.0,vehicle,greedy_10,2019-03-05_N8_C2_greedy_10_s0.json,0,0.34934789999988425,55.0,restricted_mip
model_v3_vehicle,2019-03-05_N8_C2,60.0,vehicle,greedy_10,2019-03-05_N8_C2_greedy_10_s0.json,0,0.3543478999999934,46.0,restricted_mip
model_v3_vehicle,2019-03-05_N8_C2,60.0,vehicle,greedy_10,2019-03-05_N8_C2_greedy_10_s0.json,0,1.9841302000004362,45.0,rmp_integer
model_v3_vehicle,2019-03-05_N8_C2,60.0,vehicle,exact,2019-03-05_N8_C2_exact_r0.json,0,0.139220000000023,47.0,rmp_integer
model_v3_vehicle,2019-03-05_N8_C2,60.0,vehicle,exact,2019-03-05_N8_C2_exact_r0.json,0,0.2956737000004068,45.0,restricted_mip
model_v3_vehicle,2019-03-05_N8_C2,60.0,vehicle,exact,2019-03-05_N8_C2_exact_r1.json,0,0.12269620000006398,47.0,rmp_integer
model_v3_vehicle,2019-03-05_N8_C2,60.0,vehicle,exact,2019-03-05_N8_C2_exact_r1.json,0,0.27976240000134567,45.0,restricted_mip
model_v3_vehicle,2019-03-05_N8_C2,60.0,vehicle,greedy_10,2019-03-05_N8_C2_greedy_10_s1.json,1,0.33461849999912374,56.0,restricted_mip
model_v3_vehicle,2019-03-05_N8_C2,60.0,vehicle,greedy_10,2019-03-05_N8_C2_greedy_10_s1.json,1,0.3470925999990868,47.0,restricted_mip
model_v3_vehicle,2019-03-05_N8_C2,60.0,vehicle,greedy_10,2019-03-05_N8_C2_greedy_10_s1.json,1,45.347288599999956,45.0,rmp_integer
model_v3_vehicle,2019-03-05_N8_C2,60.0,vehicle,greedy_4,2019-03-05_N8_C2_greedy_4_s1.json,1,0.1292685000007623,49.0,rmp_integer
model_v3_vehicle,2019-03-05_N8_C2,60.0,vehicle,greedy_4,2019-03-05_N8_C2_greedy_4_s1.json,1,23.881672499999695,45.0,rmp_integer
model_v3_vehicle,2019-03-05_N8_C2,60.0,vehicle,greedy_4,2019-03-05_N8_C2_greedy_4_s1.json,1,54.54046680000101,44.0,rmp_integer
model_v3_vehicle,2019-03-05_N8_C2,60.0,vehicle,qaia_200_10,2019-03-05_N8_C2_qaia_200_10_s1.json,1,0.5688988999991125,60.0,rmp_integer
model_v3_vehicle,2019-03-05_N8_C2,60.0,vehicle,qaia_200_10,2019-03-05_N8_C2_qaia_200_10_s1.json,1,1.4357055999989825,48.0,restricted_mip
model_v3_vehicle,2019-03-05_N8_C2,60.0,vehicle,qaia_200_10,2019-03-05_N8_C2_qaia_200_10_s1.json,1,1.4487049999988812,47.0,restricted_mip
model_v3_vehicle,2019-03-05_N8_C2,60.0,vehicle,qaia_50_4,2019-03-05_N8_C2_qaia_50_4_s1.json,1,0.47704460000022664,49.0,rmp_integer
model_v3_vehicle,2019-03-05_N8_C2,60.0,vehicle,qaia_50_4,2019-03-05_N8_C2_qaia_50_4_s1.json,1,1.1774305999988428,48.0,restricted_mip
model_v3_vehicle,2019-03-05_N8_C2,60.0,vehicle,qaia_50_4,2019-03-05_N8_C2_qaia_50_4_s1.json,1,1.1897300999989966,47.0,restricted_mip
model_v3_vehicle,2019-03-05_N8_C2,60.0,vehicle,qaia_50_4,2019-03-05_N8_C2_qaia_50_4_s1.json,1,1.198644099999001,46.0,restricted_mip
model_v3_vehicle,2019-03-05_N8_C2,60.0,vehicle,qaia_50_4,2019-03-05_N8_C2_qaia_50_4_s1.json,1,9.539752299999236,45.0,rmp_integer
model_v3_vehicle,2019-03-05_N8_C2,60.0,vehicle,qaia_50_4,2019-03-05_N8_C2_qaia_50_4_s1.json,1,40.91354369999863,44.0,rmp_integer
model_v3_vehicle,2019-03-05_N8_C2,60.0,vehicle,qaia_50_4,2019-03-05_N8_C2_qaia_50_4_s2.json,2,0.4401484999998502,49.0,rmp_integer
model_v3_vehicle,2019-03-05_N8_C2,60.0,vehicle,qaia_50_4,2019-03-05_N8_C2_qaia_50_4_s2.json,2,1.0814711000002717,48.0,restricted_mip
model_v3_vehicle,2019-03-05_N8_C2,60.0,vehicle,qaia_50_4,2019-03-05_N8_C2_qaia_50_4_s2.json,2,1.0936280999994779,47.0,restricted_mip
model_v3_vehicle,2019-03-05_N8_C2,60.0,vehicle,qaia_50_4,2019-03-05_N8_C2_qaia_50_4_s2.json,2,1.1033131999993202,46.0,restricted_mip
model_v3_vehicle,2019-03-05_N8_C2,60.0,vehicle,qaia_50_4,2019-03-05_N8_C2_qaia_50_4_s2.json,2,9.56627429999935,45.0,rmp_integer
model_v3_vehicle,2019-03-05_N8_C2,60.0,vehicle,qaia_50_4,2019-03-05_N8_C2_qaia_50_4_s2.json,2,41.58635959999992,44.0,rmp_integer
model_v3_vehicle,2019-03-05_N8_C2,60.0,vehicle,qaia_200_10,2019-03-05_N8_C2_qaia_200_10_s2.json,2,0.5584684000004927,49.0,rmp_integer
model_v3_vehicle,2019-03-05_N8_C2,60.0,vehicle,qaia_200_10,2019-03-05_N8_C2_qaia_200_10_s2.json,2,10.4786550000008,44.0,rmp_integer
model_v3_vehicle,2019-03-05_N8_C2,60.0,vehicle,greedy_4,2019-03-05_N8_C2_greedy_4_s2.json,2,0.12098770000011427,49.0,rmp_integer
model_v3_vehicle,2019-03-05_N8_C2,60.0,vehicle,greedy_4,2019-03-05_N8_C2_greedy_4_s2.json,2,0.7801118000006682,44.0,rmp_integer
model_v3_vehicle,2019-03-05_N8_C2,60.0,vehicle,greedy_10,2019-03-05_N8_C2_greedy_10_s2.json,2,0.12870609999845328,50.0,rmp_integer
model_v3_vehicle,2019-03-05_N8_C2,60.0,vehicle,greedy_10,2019-03-05_N8_C2_greedy_10_s2.json,2,0.33030719999987923,47.0,restricted_mip
model_v3_vehicle,2019-03-05_N8_C2,60.0,vehicle,greedy_10,2019-03-05_N8_C2_greedy_10_s2.json,2,7.438243900000089,45.0,rmp_integer
model_v3_vehicle,2019-03-05_N8_C2,60.0,vehicle,greedy_10,2019-03-05_N8_C2_greedy_10_s2.json,2,42.928418199999214,44.0,rmp_integer
model_v3_vehicle,2019-03-05_N8_C2,60.0,vehicle,exact,2019-03-05_N8_C2_exact_r2.json,0,0.13198060000104306,47.0,rmp_integer
model_v3_vehicle,2019-03-05_N8_C2,60.0,vehicle,exact,2019-03-05_N8_C2_exact_r2.json,0,0.28031210000153806,45.0,restricted_mip
model_v3_vehicle,2019-03-05_N12_C3,60.0,vehicle,compact,2019-03-05_N12_C3_compact.json,0,0.01383920000080252,68.0,compact_mipsol
model_v3_vehicle,2019-03-05_N12_C3,60.0,vehicle,compact,2019-03-05_N12_C3_compact.json,0,0.04145530000096187,67.0,compact_mipsol
model_v3_vehicle,2019-03-05_N12_C3,60.0,vehicle,qaia_50_4,2019-03-05_N12_C3_qaia_50_4_s0.json,0,1.0508991000006063,74.0,restricted_mip
model_v3_vehicle,2019-03-05_N12_C3,60.0,vehicle,qaia_50_4,2019-03-05_N12_C3_qaia_50_4_s0.json,0,1.0670346999995672,70.0,restricted_mip
model_v3_vehicle,2019-03-05_N12_C3,60.0,vehicle,qaia_50_4,2019-03-05_N12_C3_qaia_50_4_s0.json,0,29.36539079999966,69.0,rmp_integer
model_v3_vehicle,2019-03-05_N12_C3,60.0,vehicle,qaia_50_4,2019-03-05_N12_C3_qaia_50_4_s0.json,0,35.9265962999998,67.0,rmp_integer
model_v3_vehicle,2019-03-05_N12_C3,60.0,vehicle,qaia_200_10,2019-03-05_N12_C3_qaia_200_10_s0.json,0,0.8543385999983002,67.0,rmp_integer
model_v3_vehicle,2019-03-05_N12_C3,60.0,vehicle,greedy_4,2019-03-05_N12_C3_greedy_4_s0.json,0,0.2951002999998309,72.0,restricted_mip
model_v3_vehicle,2019-03-05_N12_C3,60.0,vehicle,greedy_4,2019-03-05_N12_C3_greedy_4_s0.json,0,0.302595700000893,67.0,restricted_mip
model_v3_vehicle,2019-03-05_N12_C3,60.0,vehicle,greedy_10,2019-03-05_N12_C3_greedy_10_s0.json,0,0.21557560000110243,72.0,rmp_integer
model_v3_vehicle,2019-03-05_N12_C3,60.0,vehicle,greedy_10,2019-03-05_N12_C3_greedy_10_s0.json,0,0.659471000000849,67.0,rmp_integer
model_v3_vehicle,2019-03-05_N12_C3,60.0,vehicle,exact,2019-03-05_N12_C3_exact_r0.json,0,0.3050941999990755,76.0,restricted_mip
model_v3_vehicle,2019-03-05_N12_C3,60.0,vehicle,exact,2019-03-05_N12_C3_exact_r0.json,0,0.31812929999978223,73.0,restricted_mip
model_v3_vehicle,2019-03-05_N12_C3,60.0,vehicle,exact,2019-03-05_N12_C3_exact_r0.json,0,3.797506999999314,70.0,rmp_integer
model_v3_vehicle,2019-03-05_N12_C3,60.0,vehicle,exact,2019-03-05_N12_C3_exact_r0.json,0,20.92112189999898,68.0,rmp_integer
model_v3_vehicle,2019-03-05_N12_C3,60.0,vehicle,exact,2019-03-05_N12_C3_exact_r0.json,0,46.22111529999893,67.0,rmp_integer
model_v3_vehicle,2019-03-05_N12_C3,60.0,vehicle,exact,2019-03-05_N12_C3_exact_r1.json,0,0.2977319000001444,76.0,restricted_mip
model_v3_vehicle,2019-03-05_N12_C3,60.0,vehicle,exact,2019-03-05_N12_C3_exact_r1.json,0,0.3102364000005764,73.0,restricted_mip
model_v3_vehicle,2019-03-05_N12_C3,60.0,vehicle,exact,2019-03-05_N12_C3_exact_r1.json,0,2.858957800001008,70.0,rmp_integer
model_v3_vehicle,2019-03-05_N12_C3,60.0,vehicle,exact,2019-03-05_N12_C3_exact_r1.json,0,8.267906200000652,68.0,rmp_integer
model_v3_vehicle,2019-03-05_N12_C3,60.0,vehicle,exact,2019-03-05_N12_C3_exact_r1.json,0,21.793394700000135,67.0,rmp_integer
model_v3_vehicle,2019-03-05_N12_C3,60.0,vehicle,greedy_10,2019-03-05_N12_C3_greedy_10_s1.json,1,0.17073170000003302,67.0,rmp_integer
model_v3_vehicle,2019-03-05_N12_C3,60.0,vehicle,greedy_4,2019-03-05_N12_C3_greedy_4_s1.json,1,0.30333819999941625,73.0,restricted_mip
model_v3_vehicle,2019-03-05_N12_C3,60.0,vehicle,greedy_4,2019-03-05_N12_C3_greedy_4_s1.json,1,0.5339201999995566,68.0,rmp_integer
model_v3_vehicle,2019-03-05_N12_C3,60.0,vehicle,greedy_4,2019-03-05_N12_C3_greedy_4_s1.json,1,8.261880099998962,67.0,rmp_integer
model_v3_vehicle,2019-03-05_N12_C3,60.0,vehicle,qaia_200_10,2019-03-05_N12_C3_qaia_200_10_s1.json,1,0.2878588999992644,67.0,rmp_integer
model_v3_vehicle,2019-03-05_N12_C3,60.0,vehicle,qaia_50_4,2019-03-05_N12_C3_qaia_50_4_s1.json,1,0.3425311999999394,74.0,restricted_mip
model_v3_vehicle,2019-03-05_N12_C3,60.0,vehicle,qaia_50_4,2019-03-05_N12_C3_qaia_50_4_s1.json,1,0.3545709000009083,70.0,restricted_mip
model_v3_vehicle,2019-03-05_N12_C3,60.0,vehicle,qaia_50_4,2019-03-05_N12_C3_qaia_50_4_s1.json,1,10.217172000000573,69.0,rmp_integer
model_v3_vehicle,2019-03-05_N12_C3,60.0,vehicle,qaia_50_4,2019-03-05_N12_C3_qaia_50_4_s1.json,1,12.460765800000445,67.0,rmp_integer
model_v3_vehicle,2019-03-05_N12_C3,60.0,vehicle,qaia_50_4,2019-03-05_N12_C3_qaia_50_4_s2.json,2,0.33560920000127226,74.0,restricted_mip
model_v3_vehicle,2019-03-05_N12_C3,60.0,vehicle,qaia_50_4,2019-03-05_N12_C3_qaia_50_4_s2.json,2,0.3404362000001129,70.0,restricted_mip
model_v3_vehicle,2019-03-05_N12_C3,60.0,vehicle,qaia_50_4,2019-03-05_N12_C3_qaia_50_4_s2.json,2,10.080452800000785,69.0,rmp_integer
model_v3_vehicle,2019-03-05_N12_C3,60.0,vehicle,qaia_50_4,2019-03-05_N12_C3_qaia_50_4_s2.json,2,12.275368500000695,67.0,rmp_integer
model_v3_vehicle,2019-03-05_N12_C3,60.0,vehicle,qaia_200_10,2019-03-05_N12_C3_qaia_200_10_s2.json,2,0.2892717000013363,67.0,rmp_integer
model_v3_vehicle,2019-03-05_N12_C3,60.0,vehicle,greedy_4,2019-03-05_N12_C3_greedy_4_s2.json,2,0.3534515999999712,69.0,restricted_mip
model_v3_vehicle,2019-03-05_N12_C3,60.0,vehicle,greedy_4,2019-03-05_N12_C3_greedy_4_s2.json,2,6.311284800000067,67.0,rmp_integer
model_v3_vehicle,2019-03-05_N12_C3,60.0,vehicle,greedy_10,2019-03-05_N12_C3_greedy_10_s2.json,2,0.20517839999956777,73.0,rmp_integer
model_v3_vehicle,2019-03-05_N12_C3,60.0,vehicle,greedy_10,2019-03-05_N12_C3_greedy_10_s2.json,2,4.239239800001087,69.0,rmp_integer
model_v3_vehicle,2019-03-05_N12_C3,60.0,vehicle,greedy_10,2019-03-05_N12_C3_greedy_10_s2.json,2,7.574397399999725,68.0,rmp_integer
model_v3_vehicle,2019-03-05_N12_C3,60.0,vehicle,greedy_10,2019-03-05_N12_C3_greedy_10_s2.json,2,23.91262199999983,67.0,rmp_integer
model_v3_vehicle,2019-03-05_N12_C3,60.0,vehicle,exact,2019-03-05_N12_C3_exact_r2.json,0,0.28641960000095423,76.0,restricted_mip
model_v3_vehicle,2019-03-05_N12_C3,60.0,vehicle,exact,2019-03-05_N12_C3_exact_r2.json,0,0.2916449999993347,73.0,restricted_mip
model_v3_vehicle,2019-03-05_N12_C3,60.0,vehicle,exact,2019-03-05_N12_C3_exact_r2.json,0,2.8696383999995305,70.0,rmp_integer
model_v3_vehicle,2019-03-05_N12_C3,60.0,vehicle,exact,2019-03-05_N12_C3_exact_r2.json,0,8.284705699999904,68.0,rmp_integer
model_v3_vehicle,2019-03-05_N12_C3,60.0,vehicle,exact,2019-03-05_N12_C3_exact_r2.json,0,21.959463799999867,67.0,rmp_integer
