batch,instance,budget,method,timing_basis,solve_seconds,cloud_excluded_seconds,completion_rows,result,seed,status,feasible,objective,reference_optimum,deviation_percent,bp_lower_bound,bp_gap_percent,earliest_completion_lower_bound,workload_lower_bound,capacity_lower_bound,capacity_bound_seconds,capacity_bound_lp_calls,capacity_bound_lp_status,proof_source,heuristic_returned_columns,heuristic_raw_samples,heuristic_improving_unique,heuristic_pool_duplicates,root_repair_columns,root_repair_generated_columns,root_repair_improvements,neighborhood_calls,neighborhood_candidates,neighborhood_improvements,neighborhood_seconds,neighborhood_max_variables,reference_gap_percent,first_feasible_seconds,best_found_seconds,wall_seconds,graph_seconds,root_initialization_seconds,node_setup_seconds,branch_seconds,pricing_seconds,nodes_processed,root_lp,root_cg_iterations,restricted_mip_seconds,heuristic_provider,cim_requests,cim_completed,cim_timeouts,cim_size_skips,cim_seconds,cim_local_seconds,qaia_batch_size,heuristic_max_columns,qaia_configuration_note,tuning_config_sha256,source_sha256,error
result_c5_v1,2019-03-12_N10_C5,1800.0,compact,bp_active_excluding_cloud_call,0.07636889998684637,0.0,vehicle,2019-03-12_N10_C5_compact.json,0,optimal,1,62.0,62.0,0.0,,,,,,,,,,,,,,,,,,,,,,0.0,0.02899199997773394,0.07288049999624491,0.07637090000207536,,,,,,,,,,,,,,,,,,,,,3c2a2c771bb50230bbfa43137ccc29f52e4558fb3b602921067ec9ef0b470e90,
result_c5_v1,2019-03-12_N10_C5,1800.0,cim,bp_active_excluding_cloud_call,5.945941300044069,243.40460309997434,vehicle,2019-03-12_N10_C5_cim_s0.json,0,optimal,1,62.0,62.0,0.0,62.0,0.0,62,62,62,0.007416099979309365,5,complete,validated_incumbent_matches_global_bound,0,7,0,0,1,35,1,0,0,0,0.0,0,0.0,5.941816000035033,5.941816000035033,249.35054579999996,0.01665640002465807,0.009070899977814406,0.08319929998833686,0.0,5.805055100034224,1,62.0,2,0.0,cim,2,1,0,0,248.95066740000038,5.546064300026046,10,10,,,3c2a2c771bb50230bbfa43137ccc29f52e4558fb3b602921067ec9ef0b470e90,
result_c5_v1,2019-03-12_N10_C5,1800.0,qaia_tuned,bp_active_excluding_cloud_call,0.4380120999994688,0.0,vehicle,2019-03-12_N10_C5_qaia_tuned_s0.json,0,optimal,1,62.0,62.0,0.0,62.0,0.0,62,62,62,0.008440199977485463,5,complete,validated_incumbent_matches_global_bound,5,150,5,0,1,34,2,0,0,0,0.0,0,0.0,0.4197334999917075,0.4350745999836363,0.4380134000093676,0.055703199992422014,0.00954600001568906,0.08134889998473227,0.0,0.24254479998489842,1,62.000000000000014,4,0.0,qaia,,,,,,,50,10,Manual candidate-count configuration based on the prior trained dynamics parameters; not a new tuning optimum.,12197a8e7460aceb85bc17b1276425b79760f33ba3279ffbe8f9f861d9494555,3c2a2c771bb50230bbfa43137ccc29f52e4558fb3b602921067ec9ef0b470e90,
result_c5_v1,2019-03-12_N10_C5,1800.0,exact,bp_active_excluding_cloud_call,0.34408420001273043,0.0,vehicle,2019-03-12_N10_C5_exact_r0.json,0,optimal,1,62.0,62.0,0.0,62.0,0.0,62,62,62,0.009285800013458356,5,complete,validated_incumbent_matches_global_bound,,,,,1,35,1,0,0,0,0.0,0,0.0,0.34022660000482574,0.34022660000482574,0.34408629999961704,0.022342999989632517,0.009890899993479252,0.09037300001364201,0.0,0.18620919997920282,1,62.0,2,0.0,,,,,,,,,,,,3c2a2c771bb50230bbfa43137ccc29f52e4558fb3b602921067ec9ef0b470e90,
result_c5_v1,2019-03-12_N10_C5,1800.0,exact,bp_active_excluding_cloud_call,0.3581819999963045,0.0,vehicle,2019-03-12_N10_C5_exact_r1.json,1,optimal,1,62.0,62.0,0.0,62.0,0.0,62,62,62,0.007562800019513816,5,complete,validated_incumbent_matches_global_bound,,,,,2,34,1,0,0,0,0.0,0,0.0,0.3533000999887008,0.3533000999887008,0.3581836000084877,0.018104099988704547,0.0093918000056874,0.08931190002476797,0.0,0.20384529998409562,1,62.0,2,0.0,,,,,,,,,,,,3c2a2c771bb50230bbfa43137ccc29f52e4558fb3b602921067ec9ef0b470e90,
result_c5_v1,2019-03-12_N10_C5,1800.0,qaia_tuned,bp_active_excluding_cloud_call,0.5420031000103336,0.0,vehicle,2019-03-12_N10_C5_qaia_tuned_s1.json,1,optimal,1,62.0,62.0,0.0,62.0,0.0,62,62,62,0.008178099989891052,5,complete,validated_incumbent_matches_global_bound,4,200,4,0,2,36,1,0,0,0,0.0,0,0.0,0.5375599999970291,0.5375599999970291,0.5420046000217553,0.054906100005609915,0.009599599987268448,0.08494960001553409,0.0,0.35548719999496825,1,62.0,5,0.0,qaia,,,,,,,50,10,Manual candidate-count configuration based on the prior trained dynamics parameters; not a new tuning optimum.,12197a8e7460aceb85bc17b1276425b79760f33ba3279ffbe8f9f861d9494555,3c2a2c771bb50230bbfa43137ccc29f52e4558fb3b602921067ec9ef0b470e90,
result_c5_v1,2019-03-12_N10_C5,1800.0,cim,bp_active_excluding_cloud_call,3.0045570000074804,182.73549869999988,vehicle,2019-03-12_N10_C5_cim_s1.json,1,optimal,1,62.0,62.0,0.0,62.0,0.0,62,62,62,0.010200999997323379,5,complete,validated_incumbent_matches_global_bound,0,9,0,0,2,34,1,0,0,0,0.0,0,0.0,2.998121500015259,2.998121500015259,185.74005720001878,0.019290900003397837,0.010448399989400059,0.09747509998851456,0.0,2.8332209000363946,1,62.0,2,0.0,cim,2,1,0,0,185.30644169996958,2.570942999969702,10,10,,,3c2a2c771bb50230bbfa43137ccc29f52e4558fb3b602921067ec9ef0b470e90,
result_c5_v1,2019-03-12_N10_C5,1800.0,cim,bp_active_excluding_cloud_call,2.96061050001299,243.99028009999893,vehicle,2019-03-12_N10_C5_cim_s2.json,2,optimal,1,62.0,62.0,0.0,62.0,0.0,62,62,62,0.008117099991068244,5,complete,validated_incumbent_matches_global_bound,0,10,0,0,1,32,1,0,0,0,0.0,0,0.0,2.955029900011141,2.955029900011141,246.95089209999423,0.01709769997978583,0.009420199989108369,0.08464919999823906,0.0,2.80758959997911,1,62.0,2,0.0,cim,2,1,0,0,246.51789909997024,2.5276189999713097,10,10,,,3c2a2c771bb50230bbfa43137ccc29f52e4558fb3b602921067ec9ef0b470e90,
result_c5_v1,2019-03-12_N10_C5,1800.0,qaia_tuned,bp_active_excluding_cloud_call,0.4479381999990437,0.0,vehicle,2019-03-12_N10_C5_qaia_tuned_s2.json,2,optimal,1,62.0,62.0,0.0,62.0,0.0,62,62,62,0.008512599975802004,5,complete,validated_incumbent_matches_global_bound,5,150,5,0,1,34,2,0,0,0,0.0,0,0.0,0.431691600009799,0.4446973000012804,0.4479393999790773,0.05227260000538081,0.010090399999171495,0.08563080002204515,0.0,0.2537842000310775,1,62.0,3,0.0,qaia,,,,,,,50,10,Manual candidate-count configuration based on the prior trained dynamics parameters; not a new tuning optimum.,12197a8e7460aceb85bc17b1276425b79760f33ba3279ffbe8f9f861d9494555,3c2a2c771bb50230bbfa43137ccc29f52e4558fb3b602921067ec9ef0b470e90,
result_c5_v1,2019-03-12_N10_C5,1800.0,exact,bp_active_excluding_cloud_call,0.3441672000044491,0.0,vehicle,2019-03-12_N10_C5_exact_r2.json,2,optimal,1,62.0,62.0,0.0,62.0,0.0,62,62,62,0.007621800003107637,5,complete,validated_incumbent_matches_global_bound,,,,,1,32,1,0,0,0,0.0,0,0.0,0.33198190000257455,0.33198190000257455,0.3441688999882899,0.01714369998080656,0.009893900016322732,0.08790189999854192,0.0,0.1886823000095319,1,62.0,2,0.0,,,,,,,,,,,,3c2a2c771bb50230bbfa43137ccc29f52e4558fb3b602921067ec9ef0b470e90,
result_c5_v1,2019-03-12_N20_C5,1800.0,compact,bp_active_excluding_cloud_call,0.07906289998209104,0.0,vehicle,2019-03-12_N20_C5_compact.json,0,optimal,1,62.0,62.0,0.0,,,,,,,,,,,,,,,,,,,,,,0.0,0.03186319998349063,0.07287419997737743,0.07906479999655858,,,,,,,,,,,,,,,,,,,,,3c2a2c771bb50230bbfa43137ccc29f52e4558fb3b602921067ec9ef0b470e90,
result_c5_v1,2019-03-12_N20_C5,1800.0,cim,bp_active_excluding_cloud_call,1168.3317730000126,589.3835394000052,vehicle,2019-03-12_N20_C5_cim_s0.json,0,optimal,1,62.0,62.0,0.0,62.0,0.0,62,62,62,0.013067199994111434,5,complete,validated_incumbent_matches_global_bound,9,20,9,0,4,68,5,38,2,2,1.4781897000502795,89,0.0,50.19537120001041,1158.6854503000213,1757.7153145000048,0.04657180001959205,0.04532380000455305,299.3050760005426,553.6451413999894,277.55885850143386,2245,62.0,11,0.047744000010425225,cim,3,2,0,0,637.2633224000165,47.87978300001123,10,10,,,3c2a2c771bb50230bbfa43137ccc29f52e4558fb3b602921067ec9ef0b470e90,
result_c5_v1,2019-03-12_N20_C5,1800.0,qaia_tuned,bp_active_excluding_cloud_call,1060.4658737000136,0.0,vehicle,2019-03-12_N20_C5_qaia_tuned_s0.json,0,optimal,1,62.0,62.0,0.0,62.0,0.0,62,62,62,0.02092170002288185,5,complete,validated_incumbent_matches_global_bound,15,600,15,0,5,56,3,36,2,2,1.3686343999579549,85,0.0,4.112285000010161,1052.8676672000147,1060.4658771000104,0.08953850000398234,0.08466409999527968,316.1343406001688,504.2087838004227,207.18583760075853,2050,62.0,16,0.04189819999737665,qaia,,,,,,,50,10,Manual candidate-count configuration based on the prior trained dynamics parameters; not a new tuning optimum.,12197a8e7460aceb85bc17b1276425b79760f33ba3279ffbe8f9f861d9494555,3c2a2c771bb50230bbfa43137ccc29f52e4558fb3b602921067ec9ef0b470e90,
result_c5_v1,2019-03-12_N20_C5,1800.0,exact,bp_active_excluding_cloud_call,1885.1165974999894,0.0,vehicle,2019-03-12_N20_C5_exact_r0.json,0,time_limit,1,64.0,62.0,3.225806451612903,62.0,3.125,62,62,62,0.019020300009287894,5,complete,,,,,,4,81,2,49,1,1,2.168700800044462,100,3.125,1.6446524999919347,2.0033218000025954,1885.1166029000015,0.04552419998799451,0.04320069999084808,586.1800883991236,912.839734700101,346.71341830003075,3047,62.0,10,0.04650359999504872,,,,,,,,,,,,3c2a2c771bb50230bbfa43137ccc29f52e4558fb3b602921067ec9ef0b470e90,After branch construction: global time budget exhausted
result_c5_v1,2019-03-12_N20_C5,1800.0,exact,bp_active_excluding_cloud_call,1863.1579761000175,0.0,vehicle,2019-03-12_N20_C5_exact_r1.json,1,time_limit,1,63.0,62.0,1.6129032258064515,62.0,1.5873015873015872,62,62,62,0.03782290001981892,5,complete,,,,,,4,73,2,48,1,1,1.8215117999352515,87,1.5873015873015872,1.6199665000021923,122.81603670000914,1863.1581535000005,0.05367659998591989,0.04563629999756813,395.3622373988328,1143.0433276005497,287.9982998002961,2957,62.0,10,0.04181389999575913,,,,,,,,,,,,3c2a2c771bb50230bbfa43137ccc29f52e4558fb3b602921067ec9ef0b470e90,After branch construction: global time budget exhausted
result_c5_v1,2019-03-12_N20_C5,1800.0,qaia_tuned,bp_active_excluding_cloud_call,1843.2382100000104,0.0,vehicle,2019-03-12_N20_C5_qaia_tuned_s1.json,1,time_limit,1,63.0,62.0,1.6129032258064515,62.0,1.5873015873015872,62,62,62,0.03858420002507046,5,complete,,18,750,18,0,3,72,4,47,2,1,1.4688493000285234,76,1.5873015873015872,1.551393800007645,5.588480200007325,1843.2382201,0.08377680002013221,0.08690840000053868,372.27671940112486,1136.1655786996416,299.26912009951775,2859,62.0,19,0.06776519998675212,qaia,,,,,,,50,10,Manual candidate-count configuration based on the prior trained dynamics parameters; not a new tuning optimum.,12197a8e7460aceb85bc17b1276425b79760f33ba3279ffbe8f9f861d9494555,3c2a2c771bb50230bbfa43137ccc29f52e4558fb3b602921067ec9ef0b470e90,After branch construction: global time budget exhausted
result_c5_v1,2019-03-12_N20_C5,1800.0,cim,bp_active_excluding_cloud_call,1982.2971391000028,701.6894770999788,vehicle,2019-03-12_N20_C5_cim_s1.json,1,time_limit,1,64.0,62.0,3.225806451612903,62.0,3.125,62,62,62,0.03809229997568764,5,complete,,13,18,13,0,5,75,3,47,1,1,1.5652804999554064,94,3.125,53.87132780000684,85.72552540001925,2683.9866282999865,0.045437299995683134,0.04333699998096563,549.17406040075,1048.6787785998313,351.18775510106934,2771,62.0,10,0.0807562000118196,cim,3,2,0,0,754.5011813000019,52.81170420002309,10,10,,,3c2a2c771bb50230bbfa43137ccc29f52e4558fb3b602921067ec9ef0b470e90,After branch construction: global time budget exhausted
result_c5_v1,2019-03-12_N20_C5,1800.0,cim,bp_active_excluding_cloud_call,2009.1629468000028,642.3343442000041,vehicle,2019-03-12_N20_C5_cim_s2.json,2,time_limit,1,64.0,62.0,3.225806451612903,62.0,3.125,62,62,62,0.04282709999824874,5,complete,,14,18,14,0,4,71,1,51,1,1,2.092131999961566,102,3.125,51.15072720000171,51.48336099999142,2651.4972954000114,0.04655070000444539,0.04333990000304766,407.82701610031654,1168.5452031994355,390.87800310371676,3538,62.0,9,0.05294500000309199,cim,3,2,0,0,691.424358600023,49.090014400018845,10,10,,,3c2a2c771bb50230bbfa43137ccc29f52e4558fb3b602921067ec9ef0b470e90,After branch construction: global time budget exhausted
result_c5_v1,2019-03-12_N20_C5,1800.0,qaia_tuned,bp_active_excluding_cloud_call,1919.8239640000102,0.0,vehicle,2019-03-12_N20_C5_qaia_tuned_s2.json,2,time_limit,1,63.0,62.0,1.6129032258064515,62.0,1.5873015873015872,62,62,62,0.035960599983809516,5,complete,,15,550,15,0,4,73,5,49,1,1,1.9412298000534065,88,1.5873015873015872,3.5554713000019547,3.894871600001352,1919.823972400016,0.0809884000045713,0.08096839999780059,693.5332883004157,916.4410814004659,274.90367619958124,3132,62.0,14,0.05720480001764372,qaia,,,,,,,50,10,Manual candidate-count configuration based on the prior trained dynamics parameters; not a new tuning optimum.,12197a8e7460aceb85bc17b1276425b79760f33ba3279ffbe8f9f861d9494555,3c2a2c771bb50230bbfa43137ccc29f52e4558fb3b602921067ec9ef0b470e90,After pricing construction: global time budget exhausted
result_c5_v1,2019-03-12_N20_C5,1800.0,exact,bp_active_excluding_cloud_call,2072.8375905999856,0.0,vehicle,2019-03-12_N20_C5_exact_r2.json,2,time_limit,1,64.0,62.0,3.225806451612903,62.0,3.125,62,62,62,0.0374059000168927,5,complete,,,,,,4,79,1,52,1,1,2.161901800252963,102,3.125,1.5658124999899883,1.8942204999912065,2072.8375952999922,0.0445637000084389,0.04497899999842048,398.0917460016208,1268.0732010008942,367.751145900198,3144,62.0,10,0.057715000002644956,,,,,,,,,,,,3c2a2c771bb50230bbfa43137ccc29f52e4558fb3b602921067ec9ef0b470e90,After branch construction: global time budget exhausted
result_c5_v1,2019-03-12_N30_C5,1800.0,compact,bp_active_excluding_cloud_call,0.6027460000186693,0.0,vehicle,2019-03-12_N30_C5_compact.json,0,optimal,1,71.0,71.0,0.0,,,,,,,,,,,,,,,,,,,,,,0.0,0.2829446000105236,0.5661874000215903,0.6027474000002258,,,,,,,,,,,,,,,,,,,,,3c2a2c771bb50230bbfa43137ccc29f52e4558fb3b602921067ec9ef0b470e90,
result_c5_v1,2019-03-12_N30_C5,1800.0,cim,bp_active_excluding_cloud_call,1800.1430494999804,1057.7163656000048,vehicle,2019-03-12_N30_C5_cim_s0.json,0,time_limit,1,73.0,71.0,2.816901408450704,71,2.73972602739726,62,70,71,0.01932880000094883,4,complete,,10,23,10,0,3,22,3,45,2,2,2.2259164000861347,59,2.73972602739726,171.2848516999802,976.8362728999928,2857.8594169999997,0.09626969997771084,0.07344499998725951,360.98176470029284,994.1809439001954,420.8203961006657,1048,71.0,14,0.06786380000994541,cim,3,3,0,0,1223.6163672000112,165.90000160000636,10,10,,,3c2a2c771bb50230bbfa43137ccc29f52e4558fb3b602921067ec9ef0b470e90,After pricing construction: global time budget exhausted
result_c5_v1,2019-03-12_N30_C5,1800.0,qaia_tuned,bp_active_excluding_cloud_call,1968.0058721999812,0.0,vehicle,2019-03-12_N30_C5_qaia_tuned_s0.json,0,time_limit,1,73.0,71.0,2.816901408450704,71,2.73972602739726,62,70,71,0.023309400014113635,4,complete,,29,750,29,0,4,37,3,45,1,1,2.971881399920676,98,2.73972602739726,8.919039899978088,9.342243499995675,1968.0059190999891,0.1717081000097096,0.05344889999832958,480.27389779969235,1215.6385666998103,246.19330700003775,1115,71.0,19,0.06447620000108145,qaia,,,,,,,50,10,Manual candidate-count configuration based on the prior trained dynamics parameters; not a new tuning optimum.,12197a8e7460aceb85bc17b1276425b79760f33ba3279ffbe8f9f861d9494555,3c2a2c771bb50230bbfa43137ccc29f52e4558fb3b602921067ec9ef0b470e90,After branch construction: global time budget exhausted
result_c5_v1,2019-03-12_N30_C5,1800.0,exact,bp_active_excluding_cloud_call,1800.1231553000107,0.0,vehicle,2019-03-12_N30_C5_exact_r0.json,0,time_limit,1,73.0,71.0,2.816901408450704,71,2.73972602739726,62,70,71,0.04401730000972748,4,complete,,,,,,5,55,3,46,2,1,3.297521300090011,82,2.73972602739726,3.473350299987942,3.941885200008983,1800.123157599999,0.09640170002239756,0.07670629999483936,418.14180619982653,1148.2442099008185,208.20242230052827,1064,71.0,14,0.05219700001180172,,,,,,,,,,,,3c2a2c771bb50230bbfa43137ccc29f52e4558fb3b602921067ec9ef0b470e90,After branch construction: global time budget exhausted
result_c5_v1,2019-03-12_N30_C5,1800.0,exact,bp_active_excluding_cloud_call,1813.3094684000243,0.0,vehicle,2019-03-12_N30_C5_exact_r1.json,1,time_limit,1,73.0,71.0,2.816901408450704,71,2.73972602739726,62,70,71,0.06092550000175834,4,complete,,,,,,3,26,3,44,5,4,3.644104799925117,88,2.73972602739726,3.4613782000087667,1257.358534900006,1813.3098595999763,0.10330180000164546,0.08215750000090338,363.19234790006885,1234.6549792006554,191.43181360003655,1001,71.0,14,0.07639129998278804,,,,,,,,,,,,3c2a2c771bb50230bbfa43137ccc29f52e4558fb3b602921067ec9ef0b470e90,After branch construction: global time budget exhausted
result_c5_v1,2019-03-12_N30_C5,1800.0,qaia_tuned,bp_active_excluding_cloud_call,1867.9239802999946,0.0,vehicle,2019-03-12_N30_C5_qaia_tuned_s1.json,1,time_limit,1,73.0,71.0,2.816901408450704,71,2.73972602739726,62,70,71,0.043365899997297674,4,complete,,28,900,28,0,3,25,2,45,3,2,2.4335043001919985,64,2.73972602739726,10.704370499996003,21.51095249998616,1867.923998800019,0.17895629999111407,0.05210969998734072,403.8119323004503,1244.8237189002684,196.14734120003413,994,71.0,23,0.06823139998596162,qaia,,,,,,,50,10,Manual candidate-count configuration based on the prior trained dynamics parameters; not a new tuning optimum.,12197a8e7460aceb85bc17b1276425b79760f33ba3279ffbe8f9f861d9494555,3c2a2c771bb50230bbfa43137ccc29f52e4558fb3b602921067ec9ef0b470e90,After branch construction: global time budget exhausted
result_c5_v1,2019-03-12_N30_C5,1800.0,cim,bp_active_excluding_cloud_call,1800.5942443000094,937.7772474999947,vehicle,2019-03-12_N30_C5_cim_s1.json,1,time_limit,1,74.0,71.0,4.225352112676056,71,4.054054054054054,62,70,71,0.045575099997222424,4,complete,,16,24,16,0,3,22,1,44,2,2,2.7473325002356432,70,4.054054054054054,169.66230300001916,273.31830600000103,2738.3714937000186,0.09420930000487715,0.07479280000552535,388.2884537000791,1031.7831482999027,356.3915396007942,1053,71.0,14,0.08048860001144931,cim,3,3,0,0,1102.1472993000061,164.37005180001142,10,10,,,3c2a2c771bb50230bbfa43137ccc29f52e4558fb3b602921067ec9ef0b470e90,After branch construction: global time budget exhausted
result_c5_v1,2019-03-12_N30_C5,1800.0,cim,bp_active_excluding_cloud_call,1863.190433199983,1177.2089121000026,vehicle,2019-03-12_N30_C5_cim_s2.json,2,time_limit,1,75.0,71.0,5.633802816901408,71,5.333333333333333,62,70,71,0.024116599990520626,4,complete,,16,30,16,0,3,26,3,41,1,1,2.430339199840091,52,5.333333333333333,174.397375200002,174.77915680001024,3040.399350199994,0.0962666999839712,0.0760067000228446,361.2657470002887,1117.7292880995374,361.8770276007708,1003,71.0,11,0.0634264999825973,cim,3,3,0,0,1347.2875788000238,170.07866670002113,10,10,,,3c2a2c771bb50230bbfa43137ccc29f52e4558fb3b602921067ec9ef0b470e90,After branch construction: global time budget exhausted
result_c5_v1,2019-03-12_N30_C5,1800.0,qaia_tuned,bp_active_excluding_cloud_call,1889.6624392999802,0.0,vehicle,2019-03-12_N30_C5_qaia_tuned_s2.json,2,time_limit,1,73.0,71.0,2.816901408450704,71,2.73972602739726,62,70,71,0.04007250000722706,4,complete,,24,600,24,0,3,25,2,47,2,1,2.9186229999759234,97,2.73972602739726,7.3058557999902405,7.6259540999890305,1889.6624491999974,0.16579369999817573,0.05291580001357943,653.4252799997339,932.8839678999502,276.3174028993817,1267,71.0,15,0.06036380000296049,qaia,,,,,,,50,10,Manual candidate-count configuration based on the prior trained dynamics parameters; not a new tuning optimum.,12197a8e7460aceb85bc17b1276425b79760f33ba3279ffbe8f9f861d9494555,3c2a2c771bb50230bbfa43137ccc29f52e4558fb3b602921067ec9ef0b470e90,After pricing construction: global time budget exhausted
result_c5_v1,2019-03-12_N30_C5,1800.0,exact,bp_active_excluding_cloud_call,1800.3171792000066,0.0,vehicle,2019-03-12_N30_C5_exact_r2.json,2,time_limit,1,73.0,71.0,2.816901408450704,71,2.73972602739726,62,70,71,0.0389257000060752,4,complete,,,,,,4,25,2,44,3,2,2.7281473999319132,67,2.73972602739726,3.4434347999922466,46.24790159999975,1800.3171817999973,0.10637229998246767,0.07790870001190342,735.4161752997898,861.1680010995478,179.62855859936099,1056,71.0,14,0.09020940001937561,,,,,,,,,,,,3c2a2c771bb50230bbfa43137ccc29f52e4558fb3b602921067ec9ef0b470e90,After branch construction: global time budget exhausted
result_c5_v1,2019-03-12_N40_C5,1800.0,compact,bp_active_excluding_cloud_call,0.21053930002381094,0.0,vehicle,2019-03-12_N40_C5_compact.json,0,optimal,1,84.0,84.0,0.0,,,,,,,,,,,,,,,,,,,,,,0.0,0.20007230000919662,0.20007230000919662,0.21054119998007081,,,,,,,,,,,,,,,,,,,,,3c2a2c771bb50230bbfa43137ccc29f52e4558fb3b602921067ec9ef0b470e90,
result_c5_v1,2019-03-12_N40_C5,1800.0,cim,bp_active_excluding_cloud_call,1553.4845562999544,934.1347087000322,vehicle,2019-03-12_N40_C5_cim_s0.json,0,optimal,1,84.0,84.0,0.0,84.0,0.0,84,84,84,0.023863500013248995,6,complete,validated_incumbent_matches_global_bound,21,29,21,0,0,0,0,0,0,0,0.0,0,0.0,1551.1387565999466,1551.1387565999466,2487.619266599999,0.11803290000534616,0.09013640001649037,215.66588150014286,385.7479730002233,927.5442766995693,519,83.99999999999997,31,0.09578470000997186,cim,3,3,0,0,1145.217830700014,211.0831219999818,10,10,,,3c2a2c771bb50230bbfa43137ccc29f52e4558fb3b602921067ec9ef0b470e90,
result_c5_v1,2019-03-12_N40_C5,1800.0,qaia_tuned,bp_active_excluding_cloud_call,800.5406753999996,0.0,vehicle,2019-03-12_N40_C5_qaia_tuned_s0.json,0,optimal,1,84.0,84.0,0.0,84.0,0.0,84,84,84,0.028519000014057383,6,complete,validated_incumbent_matches_global_bound,45,2550,45,0,0,0,0,0,0,0,0.0,0,0.0,799.1254230999912,799.1254230999912,800.5406770000118,0.19206870000925846,0.064129199978197,129.31149300030665,215.72657269987394,440.6963455998339,306,84.00000000000001,62,0.10117670003091916,qaia,,,,,,,50,10,Manual candidate-count configuration based on the prior trained dynamics parameters; not a new tuning optimum.,12197a8e7460aceb85bc17b1276425b79760f33ba3279ffbe8f9f861d9494555,3c2a2c771bb50230bbfa43137ccc29f52e4558fb3b602921067ec9ef0b470e90,
result_c5_v1,2019-03-12_N40_C5,1800.0,exact,bp_active_excluding_cloud_call,1291.9303187999758,0.0,vehicle,2019-03-12_N40_C5_exact_r0.json,0,optimal,1,84.0,84.0,0.0,84.0,0.0,84,84,84,0.02362550000543706,6,complete,validated_incumbent_matches_global_bound,,,,,0,0,0,0,0,0,0.0,0,0.0,1288.9115568999841,1288.9115568999841,1291.9303204999887,0.11528369999723509,0.0903460000117775,218.96819210037938,373.50000700028613,674.8881561007875,482,84.0,31,0.10872250000829808,,,,,,,,,,,,3c2a2c771bb50230bbfa43137ccc29f52e4558fb3b602921067ec9ef0b470e90,
result_c5_v1,2019-03-12_N40_C5,1800.0,exact,bp_active_excluding_cloud_call,1285.686433099996,0.0,vehicle,2019-03-12_N40_C5_exact_r1.json,1,optimal,1,84.0,84.0,0.0,84.0,0.0,84,84,84,0.024782299995422363,6,complete,validated_incumbent_matches_global_bound,,,,,0,0,0,0,0,0,0.0,0,0.0,1282.762446000008,1282.762446000008,1285.686434800009,0.12243720001424663,0.0900569999939762,215.87514929959434,371.9232578999654,673.4917574994324,482,84.0,31,0.09760129998903722,,,,,,,,,,,,3c2a2c771bb50230bbfa43137ccc29f52e4558fb3b602921067ec9ef0b470e90,
result_c5_v1,2019-03-12_N40_C5,1800.0,qaia_tuned,bp_active_excluding_cloud_call,1336.156304700009,0.0,vehicle,2019-03-12_N40_C5_qaia_tuned_s1.json,1,optimal,1,84.0,84.0,0.0,84.0,0.0,84,84,84,0.023709799977950752,6,complete,validated_incumbent_matches_global_bound,55,2550,55,0,0,0,0,0,0,0,0.0,0,0.0,1333.5584402999957,1333.5584402999957,1336.1563064999937,0.2075399000023026,0.06759659998351708,198.27689409969025,335.1773889005417,778.2614203001722,472,84.0,66,0.22143679996952415,qaia,,,,,,,50,10,Manual candidate-count configuration based on the prior trained dynamics parameters; not a new tuning optimum.,12197a8e7460aceb85bc17b1276425b79760f33ba3279ffbe8f9f861d9494555,3c2a2c771bb50230bbfa43137ccc29f52e4558fb3b602921067ec9ef0b470e90,
result_c5_v1,2019-03-12_N40_C5,1800.0,cim,bp_active_excluding_cloud_call,1524.8242581999802,61211.24438740002,vehicle,2019-03-12_N40_C5_cim_s1.json,1,optimal,1,84.0,84.0,0.0,84.0,0.0,84,84,84,0.0231735999986995,6,complete,validated_incumbent_matches_global_bound,0,0,0,0,0,0,0,0,0,0,0.0,0,0.0,1522.5342488999886,1522.5342488999886,62736.06864690001,0.11890170001424849,0.08565910000470467,218.05088379999506,375.76325320033357,907.1273232001695,482,84.0,31,0.11251069995341823,cim,3,0,0,0,61437.091494199936,225.84710679991986,10,10,,,3c2a2c771bb50230bbfa43137ccc29f52e4558fb3b602921067ec9ef0b470e90,
result_c5_v1,2019-03-12_N40_C5,1800.0,cim,bp_active_excluding_cloud_call,1519.2270524999476,97.32235710002715,vehicle,2019-03-12_N40_C5_cim_s2.json,2,optimal,1,84.0,84.0,0.0,84.0,0.0,84,84,84,0.03469950001453981,6,complete,validated_incumbent_matches_global_bound,0,0,0,0,0,0,0,0,0,0,0.0,0,0.0,1516.4374549999484,1516.4374549999484,1616.549411999993,0.12675270001636818,0.09108550002565607,218.8148670993396,375.3152519000578,900.7197367978515,482,84.0,31,0.11729050002759323,cim,3,0,0,0,316.2054926000419,218.88313550001476,10,10,,,3c2a2c771bb50230bbfa43137ccc29f52e4558fb3b602921067ec9ef0b470e90,
result_c5_v1,2019-03-12_N40_C5,1800.0,qaia_tuned,bp_active_excluding_cloud_call,1468.6599145000218,0.0,vehicle,2019-03-12_N40_C5_qaia_tuned_s2.json,2,optimal,1,84.0,84.0,0.0,84.0,0.0,84,84,84,0.029676000005565584,6,complete,validated_incumbent_matches_global_bound,48,2450,48,0,0,0,0,1,1,1,0.10328790004132316,56,0.0,1459.7832311000093,1465.6707918000175,1468.6599167000386,0.20207270001992583,0.0634812000207603,237.8180556993466,382.5753613993875,818.1062567009358,572,83.99999999999999,63,0.056378799956291914,qaia,,,,,,,50,10,Manual candidate-count configuration based on the prior trained dynamics parameters; not a new tuning optimum.,12197a8e7460aceb85bc17b1276425b79760f33ba3279ffbe8f9f861d9494555,3c2a2c771bb50230bbfa43137ccc29f52e4558fb3b602921067ec9ef0b470e90,
result_c5_v1,2019-03-12_N40_C5,1800.0,exact,bp_active_excluding_cloud_call,1288.926386600011,0.0,vehicle,2019-03-12_N40_C5_exact_r2.json,2,optimal,1,84.0,84.0,0.0,84.0,0.0,84,84,84,0.023934199998620898,6,complete,validated_incumbent_matches_global_bound,,,,,0,0,0,0,0,0,0.0,0,0.0,1285.9204512999859,1285.9204512999859,1288.9263886000263,0.11562170000979677,0.08515860000625253,223.70136479957728,364.77330689993687,675.9243120992905,482,84.0,31,0.10757400002330542,,,,,,,,,,,,3c2a2c771bb50230bbfa43137ccc29f52e4558fb3b602921067ec9ef0b470e90,
result_c5_v1,2019-03-18_N10_C5,1800.0,compact,bp_active_excluding_cloud_call,0.08226639998611063,0.0,vehicle,2019-03-18_N10_C5_compact.json,0,optimal,1,50.0,50.0,0.0,,,,,,,,,,,,,,,,,,,,,,0.0,0.021165099984500557,0.07850599999073893,0.08226789999753237,,,,,,,,,,,,,,,,,,,,,3c2a2c771bb50230bbfa43137ccc29f52e4558fb3b602921067ec9ef0b470e90,
result_c5_v1,2019-03-18_N10_C5,1800.0,cim,bp_active_excluding_cloud_call,6.053139900031965,3.6328773999703117,vehicle,2019-03-18_N10_C5_cim_s0.json,0,optimal,1,50.0,50.0,0.0,50.0,0.0,50,50,50,0.00806289998581633,6,complete,validated_incumbent_matches_global_bound,0,0,0,0,4,36,2,0,0,0,0.0,0,0.0,6.037275100010447,6.049274999997579,9.686018400010653,0.0184917000005953,0.010641400003805757,0.09842459997162223,0.0,5.8754052999429405,1,50.0,5,0.0,cim,3,0,0,0,9.008392199932132,5.37551479996182,10,10,,,3c2a2c771bb50230bbfa43137ccc29f52e4558fb3b602921067ec9ef0b470e90,
result_c5_v1,2019-03-18_N10_C5,1800.0,qaia_tuned,bp_active_excluding_cloud_call,0.646149099979084,0.0,vehicle,2019-03-18_N10_C5_qaia_tuned_s0.json,0,optimal,1,50.0,50.0,0.0,50.0,0.0,50,50,50,0.009071299980860204,6,complete,validated_incumbent_matches_global_bound,4,200,4,0,2,45,5,0,0,0,0.0,0,0.0,0.5942093000048772,0.6417277000145987,0.6461500999866985,0.0515847000060603,0.010805099969729781,0.0985276999999769,0.0,0.39433489996008575,1,50.0,5,0.0,qaia,,,,,,,50,10,Manual candidate-count configuration based on the prior trained dynamics parameters; not a new tuning optimum.,12197a8e7460aceb85bc17b1276425b79760f33ba3279ffbe8f9f861d9494555,3c2a2c771bb50230bbfa43137ccc29f52e4558fb3b602921067ec9ef0b470e90,
result_c5_v1,2019-03-18_N10_C5,1800.0,exact,bp_active_excluding_cloud_call,0.4889884000294842,0.0,vehicle,2019-03-18_N10_C5_exact_r0.json,0,optimal,1,50.0,50.0,0.0,50.0,0.0,50,50,50,0.008422199985943735,6,complete,validated_incumbent_matches_global_bound,,,,,4,36,2,0,0,0,0.0,0,0.0,0.47253580001415685,0.4850360000273213,0.4889896000386216,0.017233000020496547,0.011041600024327636,0.09492559998761863,0.0,0.315052299934905,1,50.0,5,0.0,,,,,,,,,,,,3c2a2c771bb50230bbfa43137ccc29f52e4558fb3b602921067ec9ef0b470e90,
result_c5_v1,2019-03-18_N10_C5,1800.0,exact,bp_active_excluding_cloud_call,0.475727699988056,0.0,vehicle,2019-03-18_N10_C5_exact_r1.json,1,optimal,1,50.0,50.0,0.0,50.0,0.0,50,50,50,0.009406200028024614,6,complete,validated_incumbent_matches_global_bound,,,,,3,39,1,0,0,0,0.0,0,0.0,0.4705198999727145,0.4705198999727145,0.47572869999567047,0.01736160001019016,0.010444899962749332,0.09643299999879673,0.0,0.31090510002104566,1,50.0,5,0.0,,,,,,,,,,,,3c2a2c771bb50230bbfa43137ccc29f52e4558fb3b602921067ec9ef0b470e90,
result_c5_v1,2019-03-18_N10_C5,1800.0,qaia_tuned,bp_active_excluding_cloud_call,0.6439515999518335,0.0,vehicle,2019-03-18_N10_C5_qaia_tuned_s1.json,1,optimal,1,50.0,50.0,0.0,50.0,0.0,50,50,50,0.009387899946887046,6,complete,validated_incumbent_matches_global_bound,4,200,4,0,3,40,3,0,0,0,0.0,0,0.0,0.5869554999517277,0.63736739999149,0.6439526999602094,0.05663429998094216,0.010647999995853752,0.09663659997750074,0.0,0.3863658999907784,1,50.0,5,0.0,qaia,,,,,,,50,10,Manual candidate-count configuration based on the prior trained dynamics parameters; not a new tuning optimum.,12197a8e7460aceb85bc17b1276425b79760f33ba3279ffbe8f9f861d9494555,3c2a2c771bb50230bbfa43137ccc29f52e4558fb3b602921067ec9ef0b470e90,
result_c5_v1,2019-03-18_N10_C5,1800.0,cim,bp_active_excluding_cloud_call,5.170971499988809,4.213437400001567,vehicle,2019-03-18_N10_C5_cim_s1.json,1,optimal,1,50.0,50.0,0.0,50.0,0.0,50,50,50,0.00819169997703284,6,complete,validated_incumbent_matches_global_bound,0,0,0,0,3,39,1,0,0,0,0.0,0,0.0,5.165948199981358,5.165948199981358,9.384410099999513,0.017430800013244152,0.01041109999641776,0.0976228000363335,0.0,5.006965400127228,1,50.0,5,0.0,cim,3,0,0,0,8.73706700000912,4.523629600007553,10,10,,,3c2a2c771bb50230bbfa43137ccc29f52e4558fb3b602921067ec9ef0b470e90,
result_c5_v1,2019-03-18_N10_C5,1800.0,cim,bp_active_excluding_cloud_call,5.527084700064734,4.217214299947955,vehicle,2019-03-18_N10_C5_cim_s2.json,2,optimal,1,50.0,50.0,0.0,50.0,0.0,50,50,50,0.008630800002720207,6,complete,validated_incumbent_matches_global_bound,0,0,0,0,4,39,2,0,0,0,0.0,0,0.0,5.506465900049079,5.522957200068049,9.744300200021826,0.01852630003122613,0.011367099999915808,0.09921580000082031,0.0,5.343135100090876,1,50.0,5,0.0,cim,3,0,0,0,9.077974899904802,4.860760599956848,10,10,,,3c2a2c771bb50230bbfa43137ccc29f52e4558fb3b602921067ec9ef0b470e90,
result_c5_v1,2019-03-18_N10_C5,1800.0,qaia_tuned,bp_active_excluding_cloud_call,0.6373493000282906,0.0,vehicle,2019-03-18_N10_C5_qaia_tuned_s2.json,2,optimal,1,50.0,50.0,0.0,50.0,0.0,50,50,50,0.008691800001543015,6,complete,validated_incumbent_matches_global_bound,4,200,4,0,4,44,4,0,0,0,0.0,0,0.0,0.5898275999934413,0.6330709999892861,0.6373506999807432,0.05688620003638789,0.010212900000624359,0.09781169996131212,0.0,0.3900945999776013,1,50.0,5,0.0,qaia,,,,,,,50,10,Manual candidate-count configuration based on the prior trained dynamics parameters; not a new tuning optimum.,12197a8e7460aceb85bc17b1276425b79760f33ba3279ffbe8f9f861d9494555,3c2a2c771bb50230bbfa43137ccc29f52e4558fb3b602921067ec9ef0b470e90,
result_c5_v1,2019-03-18_N10_C5,1800.0,exact,bp_active_excluding_cloud_call,0.507142600021325,0.0,vehicle,2019-03-18_N10_C5_exact_r2.json,2,optimal,1,50.0,50.0,0.0,50.0,0.0,50,50,50,0.008217199996579438,6,complete,validated_incumbent_matches_global_bound,,,,,4,39,2,0,0,0,0.0,0,0.0,0.4857213000068441,0.5024053999804892,0.5071442000335082,0.017079400015063584,0.010339699976611882,0.09443090000422671,0.0,0.3285539000062272,1,50.0,5,0.0,,,,,,,,,,,,3c2a2c771bb50230bbfa43137ccc29f52e4558fb3b602921067ec9ef0b470e90,
result_c5_v1,2019-03-18_N20_C5,1800.0,compact,bp_active_excluding_cloud_call,0.34876900003291667,0.0,vehicle,2019-03-18_N20_C5_compact.json,0,optimal,1,60.0,60.0,0.0,,,,,,,,,,,,,,,,,,,,,,0.0,0.029621399997267872,0.31848030001856387,0.34877129999222234,,,,,,,,,,,,,,,,,,,,,3c2a2c771bb50230bbfa43137ccc29f52e4558fb3b602921067ec9ef0b470e90,
result_c5_v1,2019-03-18_N20_C5,1800.0,cim,bp_active_excluding_cloud_call,1800.2465163999586,71.86977020004997,vehicle,2019-03-18_N20_C5_cim_s0.json,0,time_limit,1,63.0,60.0,5.0,60,4.761904761904762,55,57,60,0.013370900007430464,5,complete,,0,0,0,0,5,85,2,46,3,2,1.8176366000552662,87,4.761904761904762,76.9099326999276,880.1094592999434,1872.116288500023,0.04759710002690554,0.050312999985180795,374.58750920026796,1083.6638408988947,308.8002651949064,2790,60.0,9,0.03923689998919144,cim,3,0,0,0,145.37400009995326,73.5042298999033,10,10,,,3c2a2c771bb50230bbfa43137ccc29f52e4558fb3b602921067ec9ef0b470e90,Exact pricing reached TimeLimit; node is not certified
result_c5_v1,2019-03-18_N20_C5,1800.0,qaia_tuned,bp_active_excluding_cloud_call,1800.5068967000116,0.0,vehicle,2019-03-18_N20_C5_qaia_tuned_s0.json,0,time_limit,1,64.0,60.0,6.666666666666667,60,6.25,55,57,60,0.019433800014667213,5,complete,,11,500,11,0,5,87,3,48,3,2,0.9029869002406485,140,6.25,2.0061148999957368,45.908698899962474,1800.5068998999777,0.08966529997996986,0.08725399995455518,400.4857924997923,1154.7239751984598,213.85948940349044,2611,60.0,13,0.0752144000143744,qaia,,,,,,,50,10,Manual candidate-count configuration based on the prior trained dynamics parameters; not a new tuning optimum.,12197a8e7460aceb85bc17b1276425b79760f33ba3279ffbe8f9f861d9494555,3c2a2c771bb50230bbfa43137ccc29f52e4558fb3b602921067ec9ef0b470e90,After pricing construction: global time budget exhausted
result_c5_v1,2019-03-18_N20_C5,1800.0,exact,bp_active_excluding_cloud_call,1800.4935818999656,0.0,vehicle,2019-03-18_N20_C5_exact_r0.json,0,time_limit,1,63.0,60.0,5.0,60,4.761904761904762,55,57,60,0.020723699999507517,5,complete,,,,,,5,85,2,47,3,2,1.9375139001640491,87,4.761904761904762,2.4398265999625437,819.3567090999568,1800.493584299984,0.0524730000179261,0.04836650000652298,390.52819000027375,1135.0741097994032,240.10318129666848,2871,60.0,9,0.03661940002348274,,,,,,,,,,,,3c2a2c771bb50230bbfa43137ccc29f52e4558fb3b602921067ec9ef0b470e90,After branch construction: global time budget exhausted
result_c5_v1,2019-03-18_N20_C5,1800.0,exact,bp_active_excluding_cloud_call,2040.318679500022,0.0,vehicle,2019-03-18_N20_C5_exact_r1.json,1,time_limit,1,61.0,60.0,1.6666666666666667,60,1.639344262295082,55,57,60,0.02258390001952648,5,complete,,,,,,5,91,2,49,3,3,1.0248491000384092,60,1.639344262295082,2.467315800022334,328.1769334000419,2040.318682400044,0.04990449995966628,0.0497480999911204,683.3612093017437,1117.8268760987557,205.20822469878476,3034,60.0,9,0.05415959999663755,,,,,,,,,,,,3c2a2c771bb50230bbfa43137ccc29f52e4558fb3b602921067ec9ef0b470e90,After branch construction: global time budget exhausted
result_c5_v1,2019-03-18_N20_C5,1800.0,qaia_tuned,bp_active_excluding_cloud_call,1800.5762981000007,0.0,vehicle,2019-03-18_N20_C5_qaia_tuned_s1.json,1,time_limit,1,64.0,60.0,6.666666666666667,60,6.25,55,57,60,0.03797349997330457,5,complete,,12,500,12,0,4,84,4,45,1,1,2.0195124998572282,114,6.25,2.04663299996173,731.613850499969,1800.5763008999638,0.0913109999964945,0.08585020003374666,402.8621236013132,1197.863611699664,170.1226500000339,2486,60.0,13,0.032274600001983345,qaia,,,,,,,50,10,Manual candidate-count configuration based on the prior trained dynamics parameters; not a new tuning optimum.,12197a8e7460aceb85bc17b1276425b79760f33ba3279ffbe8f9f861d9494555,3c2a2c771bb50230bbfa43137ccc29f52e4558fb3b602921067ec9ef0b470e90,After branch construction: global time budget exhausted
result_c5_v1,2019-03-18_N20_C5,1800.0,cim,bp_active_excluding_cloud_call,2077.242428700032,72.08903239999199,vehicle,2019-03-18_N20_C5_cim_s1.json,1,time_limit,1,61.0,60.0,1.6666666666666667,60,1.639344262295082,55,57,60,0.014931699959561229,5,complete,,0,0,0,0,5,91,2,50,3,3,1.0270920998882502,60,1.639344262295082,73.0192230999819,397.628409500001,2149.3314679000177,0.05238510004710406,0.05070209997938946,418.9725483984221,1332.023141199781,292.69510299916146,3127,60.0,9,0.06926489999750629,cim,3,0,0,0,141.7188689999748,69.62983659998281,10,10,,,3c2a2c771bb50230bbfa43137ccc29f52e4558fb3b602921067ec9ef0b470e90,After branch construction: global time budget exhausted
result_c5_v1,2019-03-18_N20_C5,1800.0,cim,bp_active_excluding_cloud_call,1839.3716462000157,71.4493111000047,vehicle,2019-03-18_N20_C5_cim_s2.json,2,time_limit,1,63.0,60.0,5.0,60,4.761904761904762,55,57,60,0.014782199985347688,5,complete,,0,0,0,0,5,94,3,44,2,1,0.8455974997486919,64,4.761904761904762,74.7420328000444,75.17496050003683,1910.820962100057,0.04978370002936572,0.04840269999112934,645.8889430978452,909.4155946983374,254.6764457024401,2521,60.0,9,0.07774119998794049,cim,3,0,0,0,142.82680310000433,71.37749199999962,10,10,,,3c2a2c771bb50230bbfa43137ccc29f52e4558fb3b602921067ec9ef0b470e90,After pricing construction: global time budget exhausted
result_c5_v1,2019-03-18_N20_C5,1800.0,qaia_tuned,bp_active_excluding_cloud_call,1984.8569605000084,0.0,vehicle,2019-03-18_N20_C5_qaia_tuned_s2.json,2,time_limit,1,62.0,60.0,3.3333333333333335,60,3.225806451612903,55,57,60,0.013345699990168214,5,complete,,12,500,12,0,4,89,2,48,2,2,1.7330535999499261,69,3.225806451612903,2.0479054000461474,501.0502076999983,1984.8569706999697,0.0893182999570854,0.08771089999936521,465.85436850081896,1241.5368838005816,246.36977670073975,2474,60.0,13,0.05156260001240298,qaia,,,,,,,50,10,Manual candidate-count configuration based on the prior trained dynamics parameters; not a new tuning optimum.,12197a8e7460aceb85bc17b1276425b79760f33ba3279ffbe8f9f861d9494555,3c2a2c771bb50230bbfa43137ccc29f52e4558fb3b602921067ec9ef0b470e90,After branch construction: global time budget exhausted
result_c5_v1,2019-03-18_N20_C5,1800.0,exact,bp_active_excluding_cloud_call,1800.0969261000282,0.0,vehicle,2019-03-18_N20_C5_exact_r2.json,2,time_limit,1,63.0,60.0,5.0,60,4.761904761904762,55,57,60,0.020123899972531945,5,complete,,,,,,5,94,3,46,2,1,1.1309150999877602,64,4.761904761904762,2.4403816999983974,2.8505201999796554,1800.096928199986,0.049707099969964474,0.047197300009429455,407.1434710008907,1166.947016000806,195.0903874997748,2671,60.0,9,0.06856570002855733,,,,,,,,,,,,3c2a2c771bb50230bbfa43137ccc29f52e4558fb3b602921067ec9ef0b470e90,Exact pricing reached TimeLimit; node is not certified
result_c5_v1,2019-03-18_N30_C5,1800.0,compact,bp_active_excluding_cloud_call,0.9236197000136599,0.0,vehicle,2019-03-18_N30_C5_compact.json,0,optimal,1,69.0,69.0,0.0,,,,,,,,,,,,,,,,,,,,,,0.0,0.050175200041849166,0.891103700036183,0.9236223999760114,,,,,,,,,,,,,,,,,,,,,3c2a2c771bb50230bbfa43137ccc29f52e4558fb3b602921067ec9ef0b470e90,
result_c5_v1,2019-03-18_N30_C5,1800.0,cim,bp_active_excluding_cloud_call,2123.7273779999814,113.89199440000812,vehicle,2019-03-18_N30_C5_cim_s0.json,0,time_limit,1,76.0,69.0,10.144927536231885,69,9.210526315789474,57,67,69,0.025993700022809207,6,complete,,0,0,0,0,3,52,3,43,3,2,3.101566700148396,89,9.210526315789474,235.9112742000143,1614.722041299974,2237.619381700002,0.11234250001143664,0.09479200001806021,602.2317876997986,1085.3175789995003,412.61031250003725,895,69.0,14,0.11763019999489188,cim,3,0,0,0,342.9437555000186,229.05176110001048,10,10,,,3c2a2c771bb50230bbfa43137ccc29f52e4558fb3b602921067ec9ef0b470e90,After branch construction: global time budget exhausted
result_c5_v1,2019-03-18_N30_C5,1800.0,qaia_tuned,bp_active_excluding_cloud_call,1800.2083944000187,0.0,vehicle,2019-03-18_N30_C5_qaia_tuned_s0.json,0,time_limit,1,74.0,69.0,7.246376811594203,69,6.756756756756757,57,67,69,0.03200549999019131,6,complete,,28,750,28,0,3,62,2,44,4,4,1.8128252997994423,70,6.756756756756757,10.806540900026448,447.49822270002915,1800.2083975000423,0.19632109999656677,0.06842240004334599,384.02524030028144,1177.5441950002569,214.81933540065074,1042,69.0,19,0.06060670001897961,qaia,,,,,,,50,10,Manual candidate-count configuration based on the prior trained dynamics parameters; not a new tuning optimum.,12197a8e7460aceb85bc17b1276425b79760f33ba3279ffbe8f9f861d9494555,3c2a2c771bb50230bbfa43137ccc29f52e4558fb3b602921067ec9ef0b470e90,Exact pricing: global time budget exhausted
result_c5_v1,2019-03-18_N30_C5,1800.0,exact,bp_active_excluding_cloud_call,1943.57472460001,0.0,vehicle,2019-03-18_N30_C5_exact_r0.json,0,time_limit,1,76.0,69.0,10.144927536231885,69,9.210526315789474,57,67,69,0.027765600010752678,6,complete,,,,,,3,52,3,45,3,2,2.9375445999321528,89,9.210526315789474,4.205015800020192,1431.852896300028,1943.574728000036,0.1147732000099495,0.0902879000059329,748.7118274986278,981.0302382995724,189.86905189906247,925,69.0,14,0.11732939997455105,,,,,,,,,,,,3c2a2c771bb50230bbfa43137ccc29f52e4558fb3b602921067ec9ef0b470e90,After pricing construction: global time budget exhausted
result_c5_v1,2019-03-18_N30_C5,1800.0,exact,bp_active_excluding_cloud_call,1814.3643159000203,0.0,vehicle,2019-03-18_N30_C5_exact_r1.json,1,time_limit,1,78.0,69.0,13.043478260869565,69,11.538461538461538,57,67,69,0.030015300028026104,6,complete,,,,,,5,54,2,43,1,1,1.5032711999374442,66,11.538461538461538,4.223872400005348,4.720145300030708,1814.3643246000283,0.1121108999941498,0.08779049996519461,598.6686090009171,983.1392592006014,209.8505065002828,965,69.0,14,0.05910160002531484,,,,,,,,,,,,3c2a2c771bb50230bbfa43137ccc29f52e4558fb3b602921067ec9ef0b470e90,After branch construction: global time budget exhausted
result_c5_v1,2019-03-18_N30_C5,1800.0,qaia_tuned,bp_active_excluding_cloud_call,1800.0953839999856,0.0,vehicle,2019-03-18_N30_C5_qaia_tuned_s1.json,1,time_limit,1,75.0,69.0,8.695652173913043,69,8.0,57,67,69,0.03610950004076585,6,complete,,27,700,27,0,3,54,2,45,1,1,3.1139624000061303,59,8.0,11.010210100037511,1243.9810148000252,1800.0953861000016,0.1877414000337012,0.06653989996993914,836.3539943002979,663.7876801994862,274.6643384981435,1037,69.0,18,0.07071160001214594,qaia,,,,,,,50,10,Manual candidate-count configuration based on the prior trained dynamics parameters; not a new tuning optimum.,12197a8e7460aceb85bc17b1276425b79760f33ba3279ffbe8f9f861d9494555,3c2a2c771bb50230bbfa43137ccc29f52e4558fb3b602921067ec9ef0b470e90,Exact pricing reached TimeLimit; node is not certified
result_c5_v1,2019-03-18_N30_C5,1800.0,cim,bp_active_excluding_cloud_call,1982.551175199973,112.4516909000231,vehicle,2019-03-18_N30_C5_cim_s1.json,1,time_limit,1,78.0,69.0,13.043478260869565,69,11.538461538461538,57,67,69,0.026484599977266043,6,complete,,0,0,0,0,5,54,2,42,1,1,1.4273237001616508,66,11.538461538461538,233.90510440000799,234.43545260000974,2095.002871200035,0.11045540001941845,0.08925819996511564,530.8901706993347,999.4076797009329,430.4224781990051,920,69.0,14,0.061109700007364154,cim,3,0,0,0,339.4553683999111,227.003677499888,10,10,,,3c2a2c771bb50230bbfa43137ccc29f52e4558fb3b602921067ec9ef0b470e90,After branch construction: global time budget exhausted
result_c5_v1,2019-03-18_N30_C5,1800.0,cim,bp_active_excluding_cloud_call,2149.1795502001187,112.31217439990724,vehicle,2019-03-18_N30_C5_cim_s2.json,2,time_limit,1,77.0,69.0,11.594202898550725,69,10.38961038961039,57,67,69,0.0249132999451831,6,complete,,0,0,0,0,3,57,3,46,2,1,1.5044908999698237,52,10.38961038961039,232.05809270008467,232.67382280010497,2261.491728599998,0.11010549997445196,0.08914689999073744,579.4636221998953,1176.4974657995044,372.2668567011715,815,69.0,14,0.07791009999345988,cim,3,0,0,0,337.2659948000219,224.95382040011464,10,10,,,3c2a2c771bb50230bbfa43137ccc29f52e4558fb3b602921067ec9ef0b470e90,After branch construction: global time budget exhausted
result_c5_v1,2019-03-18_N30_C5,1800.0,qaia_tuned,bp_active_excluding_cloud_call,1800.2326532999869,0.0,vehicle,2019-03-18_N30_C5_qaia_tuned_s2.json,2,time_limit,1,73.0,69.0,5.797101449275362,69,5.47945205479452,57,67,69,0.026538099977187812,6,complete,,27,600,27,0,2,50,2,45,3,2,3.253147699870169,61,5.47945205479452,8.499696500017308,853.9052088999888,1800.2326555000036,0.18622699996922165,0.06554909999249503,377.26082880049944,1167.5848114994587,230.66938240017043,968,69.0,16,0.15439330000663176,qaia,,,,,,,50,10,Manual candidate-count configuration based on the prior trained dynamics parameters; not a new tuning optimum.,12197a8e7460aceb85bc17b1276425b79760f33ba3279ffbe8f9f861d9494555,3c2a2c771bb50230bbfa43137ccc29f52e4558fb3b602921067ec9ef0b470e90,After pricing construction: global time budget exhausted
result_c5_v1,2019-03-18_N30_C5,1800.0,exact,bp_active_excluding_cloud_call,2003.1498062000028,0.0,vehicle,2019-03-18_N30_C5_exact_r2.json,2,time_limit,1,77.0,69.0,11.594202898550725,69,10.38961038961039,57,67,69,0.026460600027348846,6,complete,,,,,,3,57,3,47,2,1,1.3956741998554207,52,10.38961038961039,4.2491933000274,4.833705500001088,2003.149815199955,0.11092190002091229,0.08901370002422482,642.2657400989556,1185.482569000509,153.6640166999423,864,69.0,14,0.0783166000037454,,,,,,,,,,,,3c2a2c771bb50230bbfa43137ccc29f52e4558fb3b602921067ec9ef0b470e90,After branch construction: global time budget exhausted
result_c5_v1,2019-03-18_N40_C5,1800.0,compact,bp_active_excluding_cloud_call,0.16071040002861992,0.0,vehicle,2019-03-18_N40_C5_compact.json,0,optimal,1,85.0,85.0,0.0,,,,,,,,,,,,,,,,,,,,,,0.0,0.06339169997954741,0.15123920002952218,0.1607126999879256,,,,,,,,,,,,,,,,,,,,,3c2a2c771bb50230bbfa43137ccc29f52e4558fb3b602921067ec9ef0b470e90,
result_c5_v1,2019-03-18_N40_C5,1800.0,cim,bp_active_excluding_cloud_call,282.0946752000018,92.47048740001628,vehicle,2019-03-18_N40_C5_cim_s0.json,0,optimal,1,85.0,85.0,0.0,85.0,0.0,85,85,85,0.025049199990462512,7,complete,validated_incumbent_matches_global_bound,0,0,0,0,3,5,1,1,2,1,0.1448653000406921,90,0.0,281.7336179999984,282.0931203000364,374.56516399997054,0.12391089997254312,0.09593540005153045,0.7277276000240818,0.0,280.45959360001143,1,85.0,21,0.275189199950546,cim,3,0,0,0,362.0777117999969,269.6072243999806,10,10,,,3c2a2c771bb50230bbfa43137ccc29f52e4558fb3b602921067ec9ef0b470e90,
result_c5_v1,2019-03-18_N40_C5,1800.0,qaia_tuned,bp_active_excluding_cloud_call,1800.2610548000084,0.0,vehicle,2019-03-18_N40_C5_qaia_tuned_s0.json,0,time_limit,0,,85.0,,85.0,,85,85,85,0.0299656999995932,7,complete,,20,1050,20,0,0,0,0,0,0,0,0.0,0,,,,1800.2610571999685,0.21497259999159724,0.1354247000417672,482.68776210100623,1068.9892723992234,226.29003640060546,819,85.0,27,0.1052483000094071,qaia,,,,,,,50,10,Manual candidate-count configuration based on the prior trained dynamics parameters; not a new tuning optimum.,12197a8e7460aceb85bc17b1276425b79760f33ba3279ffbe8f9f861d9494555,3c2a2c771bb50230bbfa43137ccc29f52e4558fb3b602921067ec9ef0b470e90,After branch construction: global time budget exhausted
result_c5_v1,2019-03-18_N40_C5,1800.0,exact,bp_active_excluding_cloud_call,8.30435029999353,0.0,vehicle,2019-03-18_N40_C5_exact_r0.json,0,optimal,1,85.0,85.0,0.0,85.0,0.0,85,85,85,0.032584299973677844,7,complete,validated_incumbent_matches_global_bound,,,,,3,5,1,1,2,1,0.1474508999963291,90,0.0,7.943006299959961,8.302740399958566,8.304351500002667,0.1258372000302188,0.09472529997583479,0.7738802999956533,0.0,6.623874100041576,1,85.0,21,0.27802510000765324,,,,,,,,,,,,3c2a2c771bb50230bbfa43137ccc29f52e4558fb3b602921067ec9ef0b470e90,
result_c5_v1,2019-03-18_N40_C5,1800.0,exact,bp_active_excluding_cloud_call,1800.3157980999677,0.0,vehicle,2019-03-18_N40_C5_exact_r1.json,1,time_limit,0,,85.0,,85.0,,85,85,85,0.026092000014614314,7,complete,,,,,,0,0,0,0,0,0,0.0,0,,,,1800.3158007999882,0.12685770000098273,0.10359309997875243,388.3004772992572,1202.2080174988369,188.05737379944185,739,85.0,21,0.23128100001486018,,,,,,,,,,,,3c2a2c771bb50230bbfa43137ccc29f52e4558fb3b602921067ec9ef0b470e90,After pricing construction: global time budget exhausted
result_c5_v1,2019-03-18_N40_C5,1800.0,qaia_tuned,bp_active_excluding_cloud_call,1801.664789500006,0.0,vehicle,2019-03-18_N40_C5_qaia_tuned_s1.json,1,time_limit,0,,85.0,,85.0,,85,85,85,0.0351348000112921,7,complete,,20,1050,20,0,0,0,0,0,0,0,0.0,0,,,,1801.6647917999653,0.20649289997527376,0.13585710001643747,466.7059398001293,1082.3446244003135,229.9019860998378,848,85.0,27,0.11188909993506968,qaia,,,,,,,50,10,Manual candidate-count configuration based on the prior trained dynamics parameters; not a new tuning optimum.,12197a8e7460aceb85bc17b1276425b79760f33ba3279ffbe8f9f861d9494555,3c2a2c771bb50230bbfa43137ccc29f52e4558fb3b602921067ec9ef0b470e90,After branch construction: global time budget exhausted
result_c5_v1,2019-03-18_N40_C5,1800.0,cim,bp_active_excluding_cloud_call,1800.3151494999183,90.7041201000684,vehicle,2019-03-18_N40_C5_cim_s1.json,1,time_limit,0,,85.0,,85.0,,85,85,85,0.03198359999805689,7,complete,,0,0,0,0,0,0,0,0,0,0,0.0,0,,,,1891.0192717000027,0.12273649999406189,0.09346840000944212,570.8492612995906,770.7802754010772,439.10678179806564,673,85.0,21,0.2521285000257194,cim,3,0,0,0,351.9255160000175,261.22139589994913,10,10,,,3c2a2c771bb50230bbfa43137ccc29f52e4558fb3b602921067ec9ef0b470e90,After branch construction: global time budget exhausted
result_c5_v1,2019-03-18_N40_C5,1800.0,cim,bp_active_excluding_cloud_call,1801.590458200022,88.74275699997088,vehicle,2019-03-18_N40_C5_cim_s2.json,2,time_limit,0,,85.0,,85.0,,85,85,85,0.031346899981144816,7,complete,,0,0,0,0,0,0,0,0,0,0,0.0,0,,,,1890.3332205000333,0.11955219996161759,0.09572179999668151,567.3863089006627,774.1584512999398,440.8550171008101,666,85.0,21,0.23584119998849928,cim,3,0,0,0,354.1265722999815,265.3838153000106,10,10,,,3c2a2c771bb50230bbfa43137ccc29f52e4558fb3b602921067ec9ef0b470e90,After branch construction: global time budget exhausted
result_c5_v1,2019-03-18_N40_C5,1800.0,qaia_tuned,bp_active_excluding_cloud_call,1801.7439430999802,0.0,vehicle,2019-03-18_N40_C5_qaia_tuned_s2.json,2,time_limit,0,,85.0,,85.0,,85,85,85,0.03164139995351434,7,complete,,20,1050,20,0,0,0,0,0,0,0,0.0,0,,,,1801.7439449999947,0.20523859997047111,0.14418399997521192,455.92731040075887,1094.237530500337,228.87035770068178,843,85.0,27,0.1206495999940671,qaia,,,,,,,50,10,Manual candidate-count configuration based on the prior trained dynamics parameters; not a new tuning optimum.,12197a8e7460aceb85bc17b1276425b79760f33ba3279ffbe8f9f861d9494555,3c2a2c771bb50230bbfa43137ccc29f52e4558fb3b602921067ec9ef0b470e90,After branch construction: global time budget exhausted
result_c5_v1,2019-03-18_N40_C5,1800.0,exact,bp_active_excluding_cloud_call,1800.1735505000106,0.0,vehicle,2019-03-18_N40_C5_exact_r2.json,2,time_limit,0,,85.0,,85.0,,85,85,85,0.032594399992376566,7,complete,,,,,,0,0,0,0,0,0,0.0,0,,,,1800.1735528000281,0.12192579999100417,0.09241029998520389,377.47279549989616,1217.8391462005675,183.60942349937977,722,85.0,21,0.23079220001818612,,,,,,,,,,,,3c2a2c771bb50230bbfa43137ccc29f52e4558fb3b602921067ec9ef0b470e90,After branch construction: global time budget exhausted
result_c5_v1,2019-03-20_N10_C5,1800.0,compact,bp_active_excluding_cloud_call,0.05355239997152239,0.0,vehicle,2019-03-20_N10_C5_compact.json,0,optimal,1,47.0,47.0,0.0,,,,,,,,,,,,,,,,,,,,,,0.0,0.023644500004593283,0.04999229998793453,0.05355419998522848,,,,,,,,,,,,,,,,,,,,,3c2a2c771bb50230bbfa43137ccc29f52e4558fb3b602921067ec9ef0b470e90,
result_c5_v1,2019-03-20_N10_C5,1800.0,cim,bp_active_excluding_cloud_call,4.572124300117139,3.2435747999115847,vehicle,2019-03-20_N10_C5_cim_s0.json,0,optimal,1,47.0,47.0,0.0,47.0,0.0,47,47,47,0.00875779998023063,6,complete,validated_incumbent_matches_global_bound,0,0,0,0,3,45,1,0,0,0,0.0,0,0.0,4.569086400093511,4.569086400093511,7.8157000000355765,0.018721300002653152,0.008401600003708154,0.06557859998429194,0.0,4.445009600080084,1,47.0,6,0.0,cim,3,0,0,0,7.42418800003361,4.180613200122025,10,10,,,3c2a2c771bb50230bbfa43137ccc29f52e4558fb3b602921067ec9ef0b470e90,
result_c5_v1,2019-03-20_N10_C5,1800.0,qaia_tuned,bp_active_excluding_cloud_call,0.5045006000436842,0.0,vehicle,2019-03-20_N10_C5_qaia_tuned_s0.json,0,optimal,1,47.0,47.0,0.0,47.0,0.0,47,47,47,0.007273600029293448,6,complete,validated_incumbent_matches_global_bound,12,250,12,0,3,50,1,0,0,0,0.0,0,0.0,0.5015735999913886,0.5015735999913886,0.5045017000520602,0.007362700009252876,0.049914700037334114,0.06725759996334091,0.0,0.3448778999154456,1,47.0,6,0.0,qaia,,,,,,,50,10,Manual candidate-count configuration based on the prior trained dynamics parameters; not a new tuning optimum.,12197a8e7460aceb85bc17b1276425b79760f33ba3279ffbe8f9f861d9494555,3c2a2c771bb50230bbfa43137ccc29f52e4558fb3b602921067ec9ef0b470e90,
result_c5_v1,2019-03-20_N10_C5,1800.0,exact,bp_active_excluding_cloud_call,0.24249430000782013,0.0,vehicle,2019-03-20_N10_C5_exact_r0.json,0,optimal,1,47.0,47.0,0.0,47.0,0.0,47,47,47,0.007850300054997206,6,complete,validated_incumbent_matches_global_bound,,,,,3,45,1,0,0,0,0.0,0,0.0,0.2386189000098966,0.2386189000098966,0.24249550001695752,0.014652199984993786,0.008441199955996126,0.06466309999814257,0.0,0.11950300011085346,1,47.0,6,0.0,,,,,,,,,,,,3c2a2c771bb50230bbfa43137ccc29f52e4558fb3b602921067ec9ef0b470e90,
result_c5_v1,2019-03-20_N10_C5,1800.0,exact,bp_active_excluding_cloud_call,0.24555400002282113,0.0,vehicle,2019-03-20_N10_C5_exact_r1.json,1,optimal,1,47.0,47.0,0.0,47.0,0.0,47,47,47,0.007599900010973215,6,complete,validated_incumbent_matches_global_bound,,,,,3,49,1,0,0,0,0.0,0,0.0,0.24244980001822114,0.24244980001822114,0.2455552999745123,0.015033600036986172,0.007948499987833202,0.06664330000057817,0.0,0.1222778000519611,1,47.0,6,0.0,,,,,,,,,,,,3c2a2c771bb50230bbfa43137ccc29f52e4558fb3b602921067ec9ef0b470e90,
result_c5_v1,2019-03-20_N10_C5,1800.0,qaia_tuned,bp_active_excluding_cloud_call,0.4398796000168659,0.0,vehicle,2019-03-20_N10_C5_qaia_tuned_s1.json,1,optimal,1,47.0,47.0,0.0,47.0,0.0,47,47,47,0.007301000005099922,6,complete,validated_incumbent_matches_global_bound,11,200,11,0,3,54,2,0,0,0,0.0,0,0.0,0.43339250003919005,0.4374043000279926,0.4398805999662727,0.007395900029223412,0.054073199979029596,0.06415410002227873,0.0,0.2767594999750145,1,47.0,5,0.0,qaia,,,,,,,50,10,Manual candidate-count configuration based on the prior trained dynamics parameters; not a new tuning optimum.,12197a8e7460aceb85bc17b1276425b79760f33ba3279ffbe8f9f861d9494555,3c2a2c771bb50230bbfa43137ccc29f52e4558fb3b602921067ec9ef0b470e90,
result_c5_v1,2019-03-20_N10_C5,1800.0,cim,bp_active_excluding_cloud_call,4.093917599937413,3.1331658000708558,vehicle,2019-03-20_N10_C5_cim_s1.json,1,optimal,1,47.0,47.0,0.0,47.0,0.0,47,47,47,0.007924199977423996,6,complete,validated_incumbent_matches_global_bound,0,0,0,0,3,49,1,0,0,0,0.0,0,0.0,4.089553299942054,4.089553299942054,7.227084600017406,0.015329700021538883,0.008035200007725507,0.06615049997344613,0.0,3.969206199981272,1,47.0,6,0.0,cim,3,0,0,0,6.853769799985457,3.7206039999146014,10,10,,,3c2a2c771bb50230bbfa43137ccc29f52e4558fb3b602921067ec9ef0b470e90,
result_c5_v1,2019-03-20_N10_C5,1800.0,cim,bp_active_excluding_cloud_call,3.681349700083956,3.1177942999638617,vehicle,2019-03-20_N10_C5_cim_s2.json,2,optimal,1,47.0,47.0,0.0,47.0,0.0,47,47,47,0.007439499953761697,6,complete,validated_incumbent_matches_global_bound,0,0,0,0,3,45,1,0,0,0,0.0,0,0.0,3.678348300047219,3.678348300047219,6.799145099997986,0.014902699971571565,0.007887599989771843,0.06615729996701702,0.0,3.559686800115742,1,47.0,6,0.0,cim,3,0,0,0,6.42824269994162,3.3104483999777585,10,10,,,3c2a2c771bb50230bbfa43137ccc29f52e4558fb3b602921067ec9ef0b470e90,
result_c5_v1,2019-03-20_N10_C5,1800.0,qaia_tuned,bp_active_excluding_cloud_call,0.427066600008402,0.0,vehicle,2019-03-20_N10_C5_qaia_tuned_s2.json,2,optimal,1,47.0,47.0,0.0,47.0,0.0,47,47,47,0.00759920000564307,6,complete,validated_incumbent_matches_global_bound,7,200,7,0,3,47,1,0,0,0,0.0,0,0.0,0.4232365000061691,0.4232365000061691,0.4270680000190623,0.0072891999734565616,0.05068010004470125,0.06521939998492599,0.0,0.270798199926503,1,47.0,5,0.0,qaia,,,,,,,50,10,Manual candidate-count configuration based on the prior trained dynamics parameters; not a new tuning optimum.,12197a8e7460aceb85bc17b1276425b79760f33ba3279ffbe8f9f861d9494555,3c2a2c771bb50230bbfa43137ccc29f52e4558fb3b602921067ec9ef0b470e90,
result_c5_v1,2019-03-20_N10_C5,1800.0,exact,bp_active_excluding_cloud_call,0.24683790002018213,0.0,vehicle,2019-03-20_N10_C5_exact_r2.json,2,optimal,1,47.0,47.0,0.0,47.0,0.0,47,47,47,0.007585000013932586,6,complete,validated_incumbent_matches_global_bound,,,,,3,45,1,0,0,0,0.0,0,0.0,0.2436953000142239,0.2436953000142239,0.24683970003388822,0.014826200029347092,0.008032399986404926,0.06675220001488924,0.0,0.12296950002200902,1,47.0,6,0.0,,,,,,,,,,,,3c2a2c771bb50230bbfa43137ccc29f52e4558fb3b602921067ec9ef0b470e90,
result_c5_v1,2019-03-20_N20_C5,1800.0,compact,bp_active_excluding_cloud_call,0.23402650002390146,0.0,vehicle,2019-03-20_N20_C5_compact.json,0,optimal,1,52.0,52.0,0.0,,,,,,,,,,,,,,,,,,,,,,0.0,0.026195499987807125,0.22807279997505248,0.2340282999793999,,,,,,,,,,,,,,,,,,,,,3c2a2c771bb50230bbfa43137ccc29f52e4558fb3b602921067ec9ef0b470e90,
result_c5_v1,2019-03-20_N20_C5,1800.0,cim,bp_active_excluding_cloud_call,1800.7461482000072,68.85563729994465,vehicle,2019-03-20_N20_C5_cim_s0.json,0,time_limit,1,54.0,52.0,3.8461538461538463,52,3.7037037037037037,47,51,52,0.012512599991168827,6,complete,,0,0,0,0,5,93,3,48,1,1,0.8233179005910642,49,3.7037037037037037,36.665208200050984,676.3245380000444,1869.6017881999724,0.04107420000946149,0.025281800015363842,435.32584060222143,1095.1507893001544,217.089912001451,3831,52.0,16,0.09564970002975315,cim,3,0,0,0,102.56656349997502,33.71092620003037,10,10,,,3c2a2c771bb50230bbfa43137ccc29f52e4558fb3b602921067ec9ef0b470e90,After branch construction: global time budget exhausted
result_c5_v1,2019-03-20_N20_C5,1800.0,qaia_tuned,bp_active_excluding_cloud_call,1986.583210300014,0.0,vehicle,2019-03-20_N20_C5_qaia_tuned_s0.json,0,time_limit,1,54.0,52.0,3.8461538461538463,52,3.7037037037037037,47,51,52,0.021029099996667355,6,complete,,31,800,31,0,5,98,2,49,2,2,1.3289860002114438,57,3.7037037037037037,4.0370634000282735,444.32282880001003,1986.583659900003,0.07555120001779869,0.023587899981066585,820.862076099671,819.2638657020871,274.04959790193243,5147,52.0,21,0.2352988999336958,qaia,,,,,,,50,10,Manual candidate-count configuration based on the prior trained dynamics parameters; not a new tuning optimum.,12197a8e7460aceb85bc17b1276425b79760f33ba3279ffbe8f9f861d9494555,3c2a2c771bb50230bbfa43137ccc29f52e4558fb3b602921067ec9ef0b470e90,After pricing construction: global time budget exhausted
result_c5_v1,2019-03-20_N20_C5,1800.0,exact,bp_active_excluding_cloud_call,1800.4682204999845,0.0,vehicle,2019-03-20_N20_C5_exact_r0.json,0,time_limit,1,54.0,52.0,3.8461538461538463,52,3.7037037037037037,47,51,52,0.0372812999994494,6,complete,,,,,,5,93,3,45,1,1,1.0611912999884225,49,3.7037037037037037,1.9673586999997497,645.423672600009,1800.46823280002,0.04049189999932423,0.025432099995668977,534.343874399492,1048.8847610991797,169.01161369943293,3457,52.0,16,0.0870539000025019,,,,,,,,,,,,3c2a2c771bb50230bbfa43137ccc29f52e4558fb3b602921067ec9ef0b470e90,After branch construction: global time budget exhausted
result_c5_v1,2019-03-20_N20_C5,1800.0,exact,bp_active_excluding_cloud_call,1800.4696422000416,0.0,vehicle,2019-03-20_N20_C5_exact_r1.json,1,time_limit,1,54.0,52.0,3.8461538461538463,52,3.7037037037037037,47,51,52,0.014611799968406558,6,complete,,,,,,5,95,4,49,1,1,0.527384199842345,50,3.7037037037037037,1.9168257000274025,2.2224619000335224,1800.4696444,0.04016179998870939,0.025231200037524104,718.446328297141,764.8002714990289,251.9046395040932,4586,52.0,16,0.08465730003081262,,,,,,,,,,,,3c2a2c771bb50230bbfa43137ccc29f52e4558fb3b602921067ec9ef0b470e90,After branch construction: global time budget exhausted
result_c5_v1,2019-03-20_N20_C5,1800.0,qaia_tuned,bp_active_excluding_cloud_call,1901.189543800021,0.0,vehicle,2019-03-20_N20_C5_qaia_tuned_s1.json,1,time_limit,1,54.0,52.0,3.8461538461538463,52,3.7037037037037037,47,51,52,0.013809200027026236,6,complete,,30,650,30,0,5,90,3,46,1,1,0.40730389987584203,20,3.7037037037037037,3.5389448000350967,3.802351600024849,1901.1895524000283,0.08031829999526963,0.024112400016747415,684.4807520023896,992.5743153998046,175.32810620195232,3638,52.0,17,0.05276429996592924,qaia,,,,,,,50,10,Manual candidate-count configuration based on the prior trained dynamics parameters; not a new tuning optimum.,12197a8e7460aceb85bc17b1276425b79760f33ba3279ffbe8f9f861d9494555,3c2a2c771bb50230bbfa43137ccc29f52e4558fb3b602921067ec9ef0b470e90,After pricing construction: global time budget exhausted
result_c5_v1,2019-03-20_N20_C5,1800.0,cim,bp_active_excluding_cloud_call,2040.5996867000358,71.91303789999802,vehicle,2019-03-20_N20_C5_cim_s1.json,1,time_limit,1,54.0,52.0,3.8461538461538463,52,3.7037037037037037,47,51,52,0.030221099965274334,6,complete,,0,0,0,0,5,95,4,51,1,1,0.5112776997848414,50,3.7037037037037037,37.67505620000884,37.98219870001776,2112.512729399954,0.03973079996649176,0.025739099946804345,702.0823941000272,973.3259326007683,297.1896004002774,4697,52.0,16,0.08492049999767914,cim,3,0,0,0,106.53602130000945,34.622983400011435,10,10,,,3c2a2c771bb50230bbfa43137ccc29f52e4558fb3b602921067ec9ef0b470e90,After pricing construction: global time budget exhausted
result_c5_v1,2019-03-20_N20_C5,1800.0,cim,bp_active_excluding_cloud_call,1800.694172300049,71.51573220000137,vehicle,2019-03-20_N20_C5_cim_s2.json,2,time_limit,1,54.0,52.0,3.8461538461538463,52,3.7037037037037037,47,51,52,0.017530900018755347,6,complete,,0,0,0,0,5,94,3,50,1,1,1.3653921998338774,40,3.7037037037037037,35.45893490000162,35.75219379999908,1872.2099076999584,0.03921620000619441,0.02692059997934848,686.3391287994455,798.2897520017577,252.0248904034379,4541,52.0,16,0.07353669998701662,cim,3,0,0,0,103.97373880003579,32.45800660003442,10,10,,,3c2a2c771bb50230bbfa43137ccc29f52e4558fb3b602921067ec9ef0b470e90,Exact pricing reached TimeLimit; node is not certified
result_c5_v1,2019-03-20_N20_C5,1800.0,qaia_tuned,bp_active_excluding_cloud_call,2007.5965152999852,0.0,vehicle,2019-03-20_N20_C5_qaia_tuned_s2.json,2,time_limit,1,54.0,52.0,3.8461538461538463,52,3.7037037037037037,47,51,52,0.01421470002969727,6,complete,,26,700,26,0,5,94,4,48,0,0,0.38393600017298013,0,3.7037037037037037,3.7566145999589935,3.9155105999670923,2007.5965256000054,0.08230910002021119,0.024428500037174672,771.7790094010998,973.4434143985854,206.22248589765513,3903,52.0,18,0.07168789999559522,qaia,,,,,,,50,10,Manual candidate-count configuration based on the prior trained dynamics parameters; not a new tuning optimum.,12197a8e7460aceb85bc17b1276425b79760f33ba3279ffbe8f9f861d9494555,3c2a2c771bb50230bbfa43137ccc29f52e4558fb3b602921067ec9ef0b470e90,After pricing construction: global time budget exhausted
result_c5_v1,2019-03-20_N20_C5,1800.0,exact,bp_active_excluding_cloud_call,2066.1961983999936,0.0,vehicle,2019-03-20_N20_C5_exact_r2.json,2,time_limit,1,54.0,52.0,3.8461538461538463,52,3.7037037037037037,47,51,52,0.013324300001841038,6,complete,,,,,,5,94,3,51,1,1,1.4209339000517502,40,3.7037037037037037,1.977241899992805,2.2643566000042483,2066.1962017999613,0.041202599997632205,0.025609900010749698,438.65658850129694,1337.110372501891,225.41155630443245,4672,52.0,16,0.07086550001986325,,,,,,,,,,,,3c2a2c771bb50230bbfa43137ccc29f52e4558fb3b602921067ec9ef0b470e90,After branch construction: global time budget exhausted
result_c5_v1,2019-03-20_N30_C5,1800.0,compact,bp_active_excluding_cloud_call,0.2872406999813393,0.0,vehicle,2019-03-20_N30_C5_compact.json,0,optimal,1,60.0,60.0,0.0,,,,,,,,,,,,,,,,,,,,,,0.0,0.04318619996774942,0.2426776000065729,0.2872425999958068,,,,,,,,,,,,,,,,,,,,,3c2a2c771bb50230bbfa43137ccc29f52e4558fb3b602921067ec9ef0b470e90,
result_c5_v1,2019-03-20_N30_C5,1800.0,cim,bp_active_excluding_cloud_call,1945.4125221999711,94.89029000006849,vehicle,2019-03-20_N30_C5_cim_s0.json,0,time_limit,1,61.0,60.0,1.6666666666666667,60,1.639344262295082,57,59,60,0.03297729999758303,6,complete,,0,0,0,0,5,78,3,44,3,2,0.8751040002098307,54,1.639344262295082,107.92587379994802,118.83770739997271,2040.302822800004,0.07240489998366684,0.04440830001840368,384.3328653006465,1275.2700967001729,253.74590950045967,1623,60.0,10,0.09626989997923374,cim,3,0,0,0,199.0909164000186,104.20062639995012,10,10,,,3c2a2c771bb50230bbfa43137ccc29f52e4558fb3b602921067ec9ef0b470e90,After branch construction: global time budget exhausted
result_c5_v1,2019-03-20_N30_C5,1800.0,qaia_tuned,bp_active_excluding_cloud_call,1800.306128599972,0.0,vehicle,2019-03-20_N30_C5_qaia_tuned_s0.json,0,time_limit,1,63.0,60.0,5.0,60,4.761904761904762,57,59,60,0.0272716999752447,6,complete,,18,750,18,0,5,87,3,44,1,1,0.8648795001208782,61,4.761904761904762,6.82036309997784,7.257469600008335,1800.3061309999903,0.10676049999892712,0.09572390001267195,416.6640699012787,1184.9631466001738,159.17571029812098,2019,60.0,19,0.03936779999639839,qaia,,,,,,,50,10,Manual candidate-count configuration based on the prior trained dynamics parameters; not a new tuning optimum.,12197a8e7460aceb85bc17b1276425b79760f33ba3279ffbe8f9f861d9494555,3c2a2c771bb50230bbfa43137ccc29f52e4558fb3b602921067ec9ef0b470e90,After branch construction: global time budget exhausted
result_c5_v1,2019-03-20_N30_C5,1800.0,exact,bp_active_excluding_cloud_call,1878.6926113000372,0.0,vehicle,2019-03-20_N30_C5_exact_r0.json,0,time_limit,1,61.0,60.0,1.6666666666666667,60,1.639344262295082,57,59,60,0.04252309998264536,6,complete,,,,,,5,78,3,46,3,2,1.0621073000365868,54,1.639344262295082,2.3998859000275843,13.245684100023936,1878.6926199000445,0.07279539998853579,0.04368860000977293,418.5244786001276,1262.3457078025094,163.345624199952,1715,60.0,10,0.11041329998988658,,,,,,,,,,,,3c2a2c771bb50230bbfa43137ccc29f52e4558fb3b602921067ec9ef0b470e90,After branch construction: global time budget exhausted
result_c5_v1,2019-03-20_N30_C5,1800.0,exact,bp_active_excluding_cloud_call,1915.9909921999788,0.0,vehicle,2019-03-20_N30_C5_exact_r1.json,1,time_limit,1,64.0,60.0,6.666666666666667,60,6.25,57,59,60,0.06214260001434013,6,complete,,,,,,5,81,4,45,0,0,0.7577230999013409,62,6.25,2.476390600029845,2.6254264999879524,1915.9910403999966,0.07448299997486174,0.04607779998332262,429.6244413985405,1277.2556834985153,168.20205589820398,1942,60.0,10,0.06220179999945685,,,,,,,,,,,,3c2a2c771bb50230bbfa43137ccc29f52e4558fb3b602921067ec9ef0b470e90,After branch construction: global time budget exhausted
result_c5_v1,2019-03-20_N30_C5,1800.0,qaia_tuned,bp_active_excluding_cloud_call,2014.920124999946,0.0,vehicle,2019-03-20_N30_C5_qaia_tuned_s1.json,1,time_limit,1,62.0,60.0,3.3333333333333335,60,3.225806451612903,57,59,60,0.048240099975373596,6,complete,,17,600,17,0,5,76,3,46,4,2,2.1425817999406718,89,3.225806451612903,5.706699499976821,1092.3737258999608,2014.9201341999578,0.11262620001798496,0.09560609998879954,1119.8170469009783,719.4873572004144,143.6869587005349,1468,60.0,16,0.0380507999798283,qaia,,,,,,,50,10,Manual candidate-count configuration based on the prior trained dynamics parameters; not a new tuning optimum.,12197a8e7460aceb85bc17b1276425b79760f33ba3279ffbe8f9f861d9494555,3c2a2c771bb50230bbfa43137ccc29f52e4558fb3b602921067ec9ef0b470e90,After pricing construction: global time budget exhausted
result_c5_v1,2019-03-20_N30_C5,1800.0,cim,bp_active_excluding_cloud_call,1813.9691008000518,93.43356439995114,vehicle,2019-03-20_N30_C5_cim_s1.json,1,time_limit,1,64.0,60.0,6.666666666666667,60,6.25,57,59,60,0.03639570000814274,6,complete,,0,0,0,0,5,81,4,40,0,0,0.6585542999091558,62,6.25,109.49047560006147,109.63925470004324,1907.4026741000125,0.07444450003094971,0.04452399996807799,371.90559280116577,1152.6580253999564,254.17434839881025,1710,60.0,10,0.065385099966079,cim,3,0,0,0,199.13319510006113,105.69963070010999,10,10,,,3c2a2c771bb50230bbfa43137ccc29f52e4558fb3b602921067ec9ef0b470e90,After branch construction: global time budget exhausted
result_c5_v1,2019-03-20_N30_C5,1800.0,cim,bp_active_excluding_cloud_call,1800.4289291999303,95.44920650002314,vehicle,2019-03-20_N30_C5_cim_s2.json,2,time_limit,1,62.0,60.0,3.3333333333333335,60,3.225806451612903,57,59,60,0.036520799971185625,6,complete,,0,0,0,0,5,82,3,43,2,1,1.5969644998549484,69,3.225806451612903,105.50925519992597,257.7689627999207,1895.8781380999717,0.07257159997243434,0.046179500001017004,399.68184259923873,1111.811182099802,253.6658809989458,1805,60.0,10,0.1316458000219427,cim,3,0,0,0,197.05567470000824,101.6064681999851,10,10,,,3c2a2c771bb50230bbfa43137ccc29f52e4558fb3b602921067ec9ef0b470e90,After pricing construction: global time budget exhausted
result_c5_v1,2019-03-20_N30_C5,1800.0,qaia_tuned,bp_active_excluding_cloud_call,1800.5126384000177,0.0,vehicle,2019-03-20_N30_C5_qaia_tuned_s2.json,2,time_limit,1,61.0,60.0,1.6666666666666667,60,1.639344262295082,57,59,60,0.018584499950520694,6,complete,,18,750,18,0,5,86,3,47,3,3,0.21134139999048784,71,1.639344262295082,6.821750600007363,30.07121590001043,1800.512640299974,0.10679220000747591,0.09130530001129955,751.1325888990541,846.1436240006005,170.4405683981604,1713,60.0,19,0.05381589999888092,qaia,,,,,,,50,10,Manual candidate-count configuration based on the prior trained dynamics parameters; not a new tuning optimum.,12197a8e7460aceb85bc17b1276425b79760f33ba3279ffbe8f9f861d9494555,3c2a2c771bb50230bbfa43137ccc29f52e4558fb3b602921067ec9ef0b470e90,After pricing construction: global time budget exhausted
result_c5_v1,2019-03-20_N30_C5,1800.0,exact,bp_active_excluding_cloud_call,1804.7980579999858,0.0,vehicle,2019-03-20_N30_C5_exact_r2.json,2,time_limit,1,62.0,60.0,3.3333333333333335,60,3.225806451612903,57,59,60,0.03440910001518205,6,complete,,,,,,5,82,3,43,2,1,1.5598040999029763,69,3.225806451612903,2.3756602000212297,155.17380350001622,1804.798061700014,0.07193400000687689,0.04461739998077974,400.0204291996779,1225.0740291998954,143.98762700031511,1820,60.0,10,0.13314839999657124,,,,,,,,,,,,3c2a2c771bb50230bbfa43137ccc29f52e4558fb3b602921067ec9ef0b470e90,After branch construction: global time budget exhausted
result_c5_v1,2019-03-20_N40_C5,1800.0,compact,bp_active_excluding_cloud_call,0.1332511999644339,0.0,vehicle,2019-03-20_N40_C5_compact.json,0,optimal,1,72.0,72.0,0.0,,,,,,,,,,,,,,,,,,,,,,0.0,0.04899360000854358,0.12337689998093992,0.13325309997890145,,,,,,,,,,,,,,,,,,,,,3c2a2c771bb50230bbfa43137ccc29f52e4558fb3b602921067ec9ef0b470e90,
result_c5_v1,2019-03-20_N40_C5,1800.0,cim,bp_active_excluding_cloud_call,136.20567959995242,91.44741320004687,vehicle,2019-03-20_N40_C5_cim_s0.json,0,optimal,1,72.0,72.0,0.0,72.0,0.0,72,72,72,0.017307500005699694,5,complete,validated_incumbent_matches_global_bound,0,0,0,0,5,62,1,0,0,0,0.0,0,0.0,136.16536279994762,136.16536279994762,227.6530951000168,0.09204690001206473,0.04866180004319176,0.5124320000177249,0.0,135.35795179993147,1,72.0,12,0.0,cim,3,0,0,0,222.91012739995494,131.46271419990808,10,10,,,3c2a2c771bb50230bbfa43137ccc29f52e4558fb3b602921067ec9ef0b470e90,
result_c5_v1,2019-03-20_N40_C5,1800.0,qaia_tuned,bp_active_excluding_cloud_call,6.769776700006332,0.0,vehicle,2019-03-20_N40_C5_qaia_tuned_s0.json,0,optimal,1,72.0,72.0,0.0,72.0,0.0,72,72,72,0.017393400019500405,5,complete,validated_incumbent_matches_global_bound,14,650,14,0,5,86,1,0,0,0,0.0,0,0.0,6.75154210004257,6.75154210004257,6.7697781000169925,0.16828440001700073,0.047698000038508326,0.5314528000308201,0.0,5.843182499811519,1,72.0,17,0.0,qaia,,,,,,,50,10,Manual candidate-count configuration based on the prior trained dynamics parameters; not a new tuning optimum.,12197a8e7460aceb85bc17b1276425b79760f33ba3279ffbe8f9f861d9494555,3c2a2c771bb50230bbfa43137ccc29f52e4558fb3b602921067ec9ef0b470e90,
result_c5_v1,2019-03-20_N40_C5,1800.0,exact,bp_active_excluding_cloud_call,2.931838499964215,0.0,vehicle,2019-03-20_N40_C5_exact_r0.json,0,optimal,1,72.0,72.0,0.0,72.0,0.0,72,72,72,0.017621700011659414,5,complete,validated_incumbent_matches_global_bound,,,,,5,62,1,0,0,0,0.0,0,0.0,2.913584899972193,2.913584899972193,2.931840099976398,0.09823460003826767,0.051154699991457164,0.5096300999866799,0.0,2.118621300032828,1,72.0,12,0.0,,,,,,,,,,,,3c2a2c771bb50230bbfa43137ccc29f52e4558fb3b602921067ec9ef0b470e90,
result_c5_v1,2019-03-20_N40_C5,1800.0,exact,bp_active_excluding_cloud_call,2.949320700019598,0.0,vehicle,2019-03-20_N40_C5_exact_r1.json,1,optimal,1,72.0,72.0,0.0,72.0,0.0,72,72,72,0.016811100009363145,5,complete,validated_incumbent_matches_global_bound,,,,,5,68,1,0,0,0,0.0,0,0.0,2.933919499977492,2.933919499977492,2.949322199972812,0.10238629998639226,0.06484329997329041,0.510914699989371,0.0,2.1198154999874532,1,72.0,12,0.0,,,,,,,,,,,,3c2a2c771bb50230bbfa43137ccc29f52e4558fb3b602921067ec9ef0b470e90,
result_c5_v1,2019-03-20_N40_C5,1800.0,qaia_tuned,bp_active_excluding_cloud_call,6.702244799991604,0.0,vehicle,2019-03-20_N40_C5_qaia_tuned_s1.json,1,optimal,1,72.0,72.0,0.0,72.0,0.0,72,72,72,0.01580589998047799,5,complete,validated_incumbent_matches_global_bound,15,650,15,0,5,87,1,0,0,0,0.0,0,0.0,6.684422699967399,6.684422699967399,6.702246300003026,0.17105930001707748,0.0469627000275068,0.5231651000212878,0.0,5.782850799791049,1,72.0,17,0.0,qaia,,,,,,,50,10,Manual candidate-count configuration based on the prior trained dynamics parameters; not a new tuning optimum.,12197a8e7460aceb85bc17b1276425b79760f33ba3279ffbe8f9f861d9494555,3c2a2c771bb50230bbfa43137ccc29f52e4558fb3b602921067ec9ef0b470e90,
result_c5_v1,2019-03-20_N40_C5,1800.0,cim,bp_active_excluding_cloud_call,146.994505700015,94.45434890000615,vehicle,2019-03-20_N40_C5_cim_s1.json,1,optimal,1,72.0,72.0,0.0,72.0,0.0,72,72,72,0.016608199977781624,5,complete,validated_incumbent_matches_global_bound,0,0,0,0,5,68,1,0,0,0,0.0,0,0.0,146.95262550003827,146.95262550003827,241.44885640003486,0.09952940000221133,0.049684899975545704,0.5335067000123672,0.0,146.11180930002593,1,72.0,12,0.0,cim,3,0,0,0,236.6403898000135,142.18604090000736,10,10,,,3c2a2c771bb50230bbfa43137ccc29f52e4558fb3b602921067ec9ef0b470e90,
result_c5_v1,2019-03-20_N40_C5,1800.0,cim,bp_active_excluding_cloud_call,143.21837620006409,94.61818209994817,vehicle,2019-03-20_N40_C5_cim_s2.json,2,optimal,1,72.0,72.0,0.0,72.0,0.0,72,72,72,0.017445100005716085,5,complete,validated_incumbent_matches_global_bound,0,0,0,0,5,62,1,0,0,0,0.0,0,0.0,143.17298840003787,143.17298840003787,237.836560500029,0.09866559994406998,0.04947479994734749,0.5158615999971516,0.0,142.34154660010245,1,72.0,12,0.0,cim,3,0,0,0,233.0952528999769,138.47707080002874,10,10,,,3c2a2c771bb50230bbfa43137ccc29f52e4558fb3b602921067ec9ef0b470e90,
result_c5_v1,2019-03-20_N40_C5,1800.0,qaia_tuned,bp_active_excluding_cloud_call,6.555013199977111,0.0,vehicle,2019-03-20_N40_C5_qaia_tuned_s2.json,2,optimal,1,72.0,72.0,0.0,72.0,0.0,72,72,72,0.01634210004704073,5,complete,validated_incumbent_matches_global_bound,15,650,15,0,5,87,1,0,0,0,0.0,0,0.0,6.538990399974864,6.538990399974864,6.55501449998701,0.16794379998464137,0.04650420002872124,0.5274912999593653,0.0,5.644427600025665,1,72.0,17,0.0,qaia,,,,,,,50,10,Manual candidate-count configuration based on the prior trained dynamics parameters; not a new tuning optimum.,12197a8e7460aceb85bc17b1276425b79760f33ba3279ffbe8f9f861d9494555,3c2a2c771bb50230bbfa43137ccc29f52e4558fb3b602921067ec9ef0b470e90,
result_c5_v1,2019-03-20_N40_C5,1800.0,exact,bp_active_excluding_cloud_call,2.931724700029008,0.0,vehicle,2019-03-20_N40_C5_exact_r2.json,2,optimal,1,72.0,72.0,0.0,72.0,0.0,72,72,72,0.017533000034745783,5,complete,validated_incumbent_matches_global_bound,,,,,5,62,1,0,0,0,0.0,0,0.0,2.9164026000071317,2.9164026000071317,2.931726399983745,0.09615480003412813,0.05094149999786168,0.5354108000174165,0.0,2.1015876000747085,1,72.0,12,0.0,,,,,,,,,,,,3c2a2c771bb50230bbfa43137ccc29f52e4558fb3b602921067ec9ef0b470e90,
