batch,instance,budget,method,result,seed,status,feasible,objective,reference_optimum,deviation_percent,first_feasible_seconds,best_found_seconds,wall_seconds,graph_seconds,root_initialization_seconds,node_setup_seconds,branch_seconds,pricing_seconds,restricted_mip_seconds,source_sha256,error
scale_v2_baseline,2019-03-05_N8_C2,60.0,compact,2019-03-05_N8_C2_compact.json,0,optimal,1,44.0,44.0,0.0,0.0093358999999964,0.0853621999999632,0.08781620000002022,,,,,,,92a386aa00c56d0bb7caadb7a39d9fcda26cef7ade5955c850d32c041f250e4c,
scale_v2_baseline,2019-03-05_N8_C2,60.0,qaia_50_4,2019-03-05_N8_C2_qaia_50_4_s0.json,0,time_limit,1,49.0,44.0,11.363636363636363,0.15632589999995616,0.15632589999995616,60.039341300000046,0.00717870000005405,0.04752080000002934,20.804521199997907,27.514012400000297,6.696713799999429,0.0741661000000704,92a386aa00c56d0bb7caadb7a39d9fcda26cef7ade5955c850d32c041f250e4c,After branch construction: global time budget exhausted
scale_v2_baseline,2019-03-05_N8_C2,60.0,qaia_200_10,2019-03-05_N8_C2_qaia_200_10_s0.json,0,time_limit,1,45.0,44.0,2.272727272727273,0.6954588999999487,1.619032299999958,60.01521049999997,0.007372499999974025,0.053595699999959834,20.942024699996637,26.42228320000197,7.794597999994835,0.04664890000003652,92a386aa00c56d0bb7caadb7a39d9fcda26cef7ade5955c850d32c041f250e4c,After pricing construction: global time budget exhausted
scale_v2_baseline,2019-03-05_N8_C2,60.0,greedy_4,2019-03-05_N8_C2_greedy_4_s0.json,0,time_limit,1,46.0,44.0,4.545454545454546,0.3879398999999921,0.3879398999999921,60.00172240000006,0.007255699999859644,0.014305100000001403,20.613170300001002,26.91224390000184,6.703281500000685,0.03327909999984513,92a386aa00c56d0bb7caadb7a39d9fcda26cef7ade5955c850d32c041f250e4c,After branch construction: global time budget exhausted
scale_v2_baseline,2019-03-05_N8_C2,60.0,greedy_10,2019-03-05_N8_C2_greedy_10_s0.json,0,time_limit,1,48.0,44.0,9.090909090909092,0.39679990000013277,0.6495992000000115,60.001535099999955,0.007720600000084232,0.013766999999916152,21.15387069999929,26.620696899998848,6.719385000001466,0.04690080000000307,92a386aa00c56d0bb7caadb7a39d9fcda26cef7ade5955c850d32c041f250e4c,After master construction: global time budget exhausted
scale_v2_baseline,2019-03-05_N8_C2,60.0,exact,2019-03-05_N8_C2_exact_r0.json,0,time_limit,1,47.0,44.0,6.818181818181818,0.11975290000009409,0.11975290000009409,60.00637310000002,0.007329200000185665,0.015073000000029424,20.130144099999598,28.73059639999792,6.645092499999919,0.0448087999998279,92a386aa00c56d0bb7caadb7a39d9fcda26cef7ade5955c850d32c041f250e4c,After branch construction: global time budget exhausted
scale_v2_baseline,2019-03-05_N8_C2,60.0,exact,2019-03-05_N8_C2_exact_r1.json,0,time_limit,1,47.0,44.0,6.818181818181818,0.12738239999998768,0.12738239999998768,60.02730130000009,0.00737810000009631,0.013820099999975355,20.09630780000316,28.774807700002157,6.6758788999970875,0.03243239999983416,92a386aa00c56d0bb7caadb7a39d9fcda26cef7ade5955c850d32c041f250e4c,After branch construction: global time budget exhausted
scale_v2_baseline,2019-03-05_N8_C2,60.0,greedy_10,2019-03-05_N8_C2_greedy_10_s1.json,1,time_limit,1,49.0,44.0,11.363636363636363,0.38745670000002974,0.4054076999998415,59.99860629999989,0.007484900000008565,0.014215800000101808,20.98887369999943,27.194293100004188,6.534969899995758,0.057015000000092186,92a386aa00c56d0bb7caadb7a39d9fcda26cef7ade5955c850d32c041f250e4c,Exact pricing reached TimeLimit; node is not certified
scale_v2_baseline,2019-03-05_N8_C2,60.0,greedy_4,2019-03-05_N8_C2_greedy_4_s1.json,1,time_limit,1,46.0,44.0,4.545454545454546,0.3542168000001311,0.5538650000000871,60.0059040000001,0.007278099999894039,0.01396629999999277,20.846954099998584,28.117626599997266,6.48479469999711,0.040685400000029404,92a386aa00c56d0bb7caadb7a39d9fcda26cef7ade5955c850d32c041f250e4c,After branch construction: global time budget exhausted
scale_v2_baseline,2019-03-05_N8_C2,60.0,qaia_200_10,2019-03-05_N8_C2_qaia_200_10_s1.json,1,time_limit,1,46.0,44.0,4.545454545454546,0.6469777999998314,1.210975999999846,60.002091199999995,0.007868599999937942,0.054222199999912846,21.037244500000725,27.420315800001617,7.146999100009452,0.038420499999801905,92a386aa00c56d0bb7caadb7a39d9fcda26cef7ade5955c850d32c041f250e4c,After master construction: global time budget exhausted
scale_v2_baseline,2019-03-05_N8_C2,60.0,qaia_50_4,2019-03-05_N8_C2_qaia_50_4_s1.json,1,time_limit,1,49.0,44.0,11.363636363636363,0.530012299999953,0.530012299999953,60.03864659999999,0.012084500000128173,0.11964140000009138,21.294253499999513,26.67112019999854,6.938260400007721,0.06186159999992924,92a386aa00c56d0bb7caadb7a39d9fcda26cef7ade5955c850d32c041f250e4c,After branch construction: global time budget exhausted
scale_v2_baseline,2019-03-05_N8_C2,60.0,qaia_50_4,2019-03-05_N8_C2_qaia_50_4_s2.json,2,time_limit,1,49.0,44.0,11.363636363636363,0.1512007999999696,0.1512007999999696,60.01813379999999,0.0069226000000526255,0.04378240000005462,20.940620000006447,27.18005650000282,6.8373591999941254,0.03165520000015931,92a386aa00c56d0bb7caadb7a39d9fcda26cef7ade5955c850d32c041f250e4c,After branch construction: global time budget exhausted
scale_v2_baseline,2019-03-05_N8_C2,60.0,qaia_200_10,2019-03-05_N8_C2_qaia_200_10_s2.json,2,time_limit,1,48.0,44.0,9.090909090909092,0.8059023999999226,0.8108439999998609,60.048642900000004,0.012361399999917921,0.08183729999996103,21.05909329999872,26.92251889999784,6.992099900006679,0.04621690000021772,92a386aa00c56d0bb7caadb7a39d9fcda26cef7ade5955c850d32c041f250e4c,After branch construction: global time budget exhausted
scale_v2_baseline,2019-03-05_N8_C2,60.0,greedy_4,2019-03-05_N8_C2_greedy_4_s2.json,2,time_limit,1,46.0,44.0,4.545454545454546,0.39121540000019195,0.39728550000018004,60.00087900000017,0.007267799999908675,0.013814500000080443,20.805064000006496,27.309411199996475,6.841207300008591,0.03195329999994101,92a386aa00c56d0bb7caadb7a39d9fcda26cef7ade5955c850d32c041f250e4c,After branch construction: global time budget exhausted
scale_v2_baseline,2019-03-05_N8_C2,60.0,greedy_10,2019-03-05_N8_C2_greedy_10_s2.json,2,time_limit,1,49.0,44.0,11.363636363636363,0.40011200000003555,0.42556710000008025,60.002921400000105,0.007531699999844932,0.015675999999984924,21.639775499997995,26.998183899997912,6.501027900002327,0.04802580000000489,92a386aa00c56d0bb7caadb7a39d9fcda26cef7ade5955c850d32c041f250e4c,After pricing construction: global time budget exhausted
scale_v2_baseline,2019-03-05_N8_C2,60.0,exact,2019-03-05_N8_C2_exact_r2.json,0,time_limit,1,47.0,44.0,6.818181818181818,0.11828939999986687,0.11828939999986687,60.01759399999992,0.007297999999991589,0.013660999999956402,23.085502599999018,25.55277090000004,6.420018399994888,0.032896999999820764,92a386aa00c56d0bb7caadb7a39d9fcda26cef7ade5955c850d32c041f250e4c,After branch construction: global time budget exhausted
scale_v2_baseline,2019-03-05_N12_C3,60.0,compact,2019-03-05_N12_C3_compact.json,0,optimal,1,67.0,67.0,0.0,0.013948000000027605,0.03088279999997212,0.03346699999997327,,,,,,,92a386aa00c56d0bb7caadb7a39d9fcda26cef7ade5955c850d32c041f250e4c,
scale_v2_baseline,2019-03-05_N12_C3,60.0,qaia_50_4,2019-03-05_N12_C3_qaia_50_4_s0.json,0,optimal,1,67.0,67.0,0.0,0.8351095000000441,1.8915600000000268,1.9271066000001156,0.1024245000000974,0.026176500000019587,0.4070851000001312,0.0,1.2478382999997848,0.04687200000012126,92a386aa00c56d0bb7caadb7a39d9fcda26cef7ade5955c850d32c041f250e4c,
scale_v2_baseline,2019-03-05_N12_C3,60.0,qaia_200_10,2019-03-05_N12_C3_qaia_200_10_s0.json,0,time_limit,1,68.0,67.0,1.492537313432836,2.7184614999998757,2.7315784999998414,60.12995169999999,0.06771200000002864,0.02061160000016571,27.04977949999966,25.314494700000296,6.297107600000345,0.03770720000011352,92a386aa00c56d0bb7caadb7a39d9fcda26cef7ade5955c850d32c041f250e4c,After pricing construction: global time budget exhausted
scale_v2_baseline,2019-03-05_N12_C3,60.0,greedy_4,2019-03-05_N12_C3_greedy_4_s0.json,0,optimal,1,67.0,67.0,0.0,0.4261910000000171,0.43195089999994707,0.43969959999981256,0.01834129999997458,0.011576500000046508,0.09209640000017316,0.0,0.2841550000002826,0.013353899999856367,92a386aa00c56d0bb7caadb7a39d9fcda26cef7ade5955c850d32c041f250e4c,
scale_v2_baseline,2019-03-05_N12_C3,60.0,greedy_10,2019-03-05_N12_C3_greedy_10_s0.json,0,optimal,1,67.0,67.0,0.0,0.20781749999991916,31.705359000000044,31.807300499999883,0.017779499999960535,0.010804000000007363,14.693620399999645,13.640872399999125,2.679954900000439,0.01097370000002229,92a386aa00c56d0bb7caadb7a39d9fcda26cef7ade5955c850d32c041f250e4c,
scale_v2_baseline,2019-03-05_N12_C3,60.0,exact,2019-03-05_N12_C3_exact_r0.json,0,time_limit,1,68.0,67.0,1.492537313432836,0.22974890000000414,0.3870057999999972,60.29969180000012,0.019727799999827766,0.011354300000220974,27.32003249999866,26.0986503000006,5.446200099999942,0.020309100000076796,92a386aa00c56d0bb7caadb7a39d9fcda26cef7ade5955c850d32c041f250e4c,After pricing construction: global time budget exhausted
scale_v2_baseline,2019-03-05_N12_C3,60.0,exact,2019-03-05_N12_C3_exact_r1.json,0,time_limit,1,68.0,67.0,1.492537313432836,0.2324561000000358,0.39827740000009726,60.010016899999755,0.019711399999778223,0.010791400000016438,27.16775879999841,25.926545199999964,5.47340529999974,0.020877699999800825,92a386aa00c56d0bb7caadb7a39d9fcda26cef7ade5955c850d32c041f250e4c,After branch construction: global time budget exhausted
scale_v2_baseline,2019-03-05_N12_C3,60.0,greedy_10,2019-03-05_N12_C3_greedy_10_s1.json,1,optimal,1,67.0,67.0,0.0,0.21391610000000583,0.21391610000000583,0.4318723000001228,0.027424700000210578,0.020859700000073644,0.10181499999998778,0.0,0.2369923999999628,0.011742000000140251,92a386aa00c56d0bb7caadb7a39d9fcda26cef7ade5955c850d32c041f250e4c,
scale_v2_baseline,2019-03-05_N12_C3,60.0,greedy_4,2019-03-05_N12_C3_greedy_4_s1.json,1,optimal,1,67.0,67.0,0.0,0.23813519999976052,19.68784340000002,19.773400000000038,0.0183219000000463,0.011568500000066706,8.182422599998972,9.099761400000261,2.006346899998789,0.01171440000007351,92a386aa00c56d0bb7caadb7a39d9fcda26cef7ade5955c850d32c041f250e4c,
scale_v2_baseline,2019-03-05_N12_C3,60.0,qaia_200_10,2019-03-05_N12_C3_qaia_200_10_s1.json,1,optimal,1,67.0,67.0,0.0,2.5092082999999548,2.5281181999998807,2.542630299999928,0.10638479999988704,0.024111199999879318,0.40067969999972775,0.0,1.9075832999983504,0.03584319999981744,92a386aa00c56d0bb7caadb7a39d9fcda26cef7ade5955c850d32c041f250e4c,
scale_v2_baseline,2019-03-05_N12_C3,60.0,qaia_50_4,2019-03-05_N12_C3_qaia_50_4_s1.json,1,optimal,1,67.0,67.0,0.0,0.8970696999999745,1.7565474999996695,1.7849827000000005,0.1162426000000778,0.026152899999942747,0.3700810000000274,0.0,1.1327187000019876,0.03454729999975825,92a386aa00c56d0bb7caadb7a39d9fcda26cef7ade5955c850d32c041f250e4c,
scale_v2_baseline,2019-03-05_N12_C3,60.0,qaia_50_4,2019-03-05_N12_C3_qaia_50_4_s2.json,2,optimal,1,67.0,67.0,0.0,0.8485587000000123,1.6862424000000829,1.7198561999998674,0.07272480000028736,0.024164100000234612,0.39321650000010777,0.0,1.0899583000004895,0.034733500000129425,92a386aa00c56d0bb7caadb7a39d9fcda26cef7ade5955c850d32c041f250e4c,
scale_v2_baseline,2019-03-05_N12_C3,60.0,qaia_200_10,2019-03-05_N12_C3_qaia_200_10_s2.json,2,optimal,1,67.0,67.0,0.0,2.5916935000000194,2.5916935000000194,2.6157650000000103,0.10890329999983805,0.030309499999930267,0.3535460000002786,0.0,2.014455399999406,0.02563769999960641,92a386aa00c56d0bb7caadb7a39d9fcda26cef7ade5955c850d32c041f250e4c,
scale_v2_baseline,2019-03-05_N12_C3,60.0,greedy_4,2019-03-05_N12_C3_greedy_4_s2.json,2,optimal,1,67.0,67.0,0.0,0.5112920000001395,0.523305100000016,0.5304307999999764,0.01761769999984608,0.010728199999903154,0.09334140000009938,0.0,0.36571630000025834,0.018999999999778083,92a386aa00c56d0bb7caadb7a39d9fcda26cef7ade5955c850d32c041f250e4c,
scale_v2_baseline,2019-03-05_N12_C3,60.0,greedy_10,2019-03-05_N12_C3_greedy_10_s2.json,2,time_limit,1,68.0,67.0,1.492537313432836,0.22150039999996807,57.96901700000035,60.0070283,0.02246100000002116,0.011095300000306452,26.538366600003883,26.593193400002292,5.5114267000021755,0.010401700000329583,92a386aa00c56d0bb7caadb7a39d9fcda26cef7ade5955c850d32c041f250e4c,After master construction: global time budget exhausted
scale_v2_baseline,2019-03-05_N12_C3,60.0,exact,2019-03-05_N12_C3_exact_r2.json,0,time_limit,1,68.0,67.0,1.492537313432836,0.22055409999984477,0.38466650000009395,60.1620697999997,0.018927899999653164,0.011038699999971868,27.44268220000049,25.88093530000151,5.367975299999216,0.019528900000295835,92a386aa00c56d0bb7caadb7a39d9fcda26cef7ade5955c850d32c041f250e4c,After pricing construction: global time budget exhausted
