batch,instance,budget,method,timing_basis,solve_seconds,cloud_excluded_seconds,completion_rows,result,seed,status,feasible,objective,reference_optimum,deviation_percent,bp_lower_bound,bp_gap_percent,earliest_completion_lower_bound,workload_lower_bound,capacity_lower_bound,capacity_bound_seconds,capacity_bound_lp_calls,capacity_bound_lp_status,proof_source,heuristic_returned_columns,reference_gap_percent,first_feasible_seconds,best_found_seconds,wall_seconds,graph_seconds,root_initialization_seconds,node_setup_seconds,branch_seconds,pricing_seconds,nodes_processed,root_lp,root_cg_iterations,restricted_mip_seconds,heuristic_provider,cim_requests,cim_completed,cim_timeouts,cim_size_skips,cim_seconds,cim_local_seconds,tuning_config_sha256,source_sha256,error
cim_active_20260923_184108,2019-03-11_N8_C2,600.0,compact,bp_active_excluding_cloud_call,0.05112189999999828,0.0,vehicle,2019-03-11_N8_C2_compact.json,0,optimal,1,66.0,66.0,0.0,,,,,,,,,,,0.0,0.010438100001920247,0.044684299999062205,0.05112390000067535,,,,,,,,,,,,,,,,,,368ba55f3207fb114457881ca4a31587fe1f1603cec146453844dccfb30ae709,
cim_active_20260923_184108,2019-03-11_N8_C2,600.0,cim,bp_active_excluding_cloud_call,600.0071916000015,182.1897863999984,vehicle,2019-03-11_N8_C2_cim_s0.json,0,time_limit,1,67.0,66.0,1.5151515151515151,66,1.492537313432836,53,66,66,0.007453900001564762,4,complete,,3,1.492537313432836,1.5112756000016816,31.689411200000905,782.1969790999974,0.014706099998875288,0.008633900000859285,188.6016694998907,166.45959740006583,191.70248149949475,8129,66.0,5,0.02446790000249166,cim,1,1,0,0,183.43428480000148,1.2444984000030672,,368ba55f3207fb114457881ca4a31587fe1f1603cec146453844dccfb30ae709,After pricing construction: global time budget exhausted
cim_active_20260923_184108,2019-03-11_N8_C2,600.0,qaia_tuned,bp_active_excluding_cloud_call,59.0889473999996,0.0,vehicle,2019-03-11_N8_C2_qaia_tuned_s0.json,0,optimal,1,66.0,66.0,0.0,66.0,0.0,53,66,66,0.011276600002020132,4,complete,validated_incumbent_matches_global_bound,8,0.0,0.24134329999651527,59.021995199997036,59.08894870000222,0.055683599995973054,0.008066100002906751,18.37335369984794,18.382167899922933,18.016975000005914,698,66.0,7,0.006575599996722303,qaia,,,,,,,6154abdfa6b91c1947cb9391b1dc68e6b28f10b043df5e76705b7d6d865f7f12,368ba55f3207fb114457881ca4a31587fe1f1603cec146453844dccfb30ae709,
cim_active_20260923_184108,2019-03-11_N8_C2,600.0,exact,bp_active_excluding_cloud_call,195.6613681000017,0.0,vehicle,2019-03-11_N8_C2_exact_r0.json,0,optimal,1,66.0,66.0,0.0,66.0,0.0,53,66,66,0.007869400003983174,4,complete,validated_incumbent_matches_global_bound,,0.0,0.17441400000097929,195.32341880000604,195.66137000000163,0.014242799996281974,0.008017899999686051,58.265054599898576,69.39874359992973,56.018652300139365,2128,66.0,7,0.004026000002340879,,,,,,,,,368ba55f3207fb114457881ca4a31587fe1f1603cec146453844dccfb30ae709,
cim_active_20260923_184108,2019-03-11_N8_C2,600.0,qaia_tuned,bp_active_excluding_cloud_call,518.5422314000025,0.0,vehicle,2019-03-11_N8_C2_qaia_tuned_s1.json,1,optimal,1,66.0,66.0,0.0,66.0,0.0,53,66,66,0.008610900003986899,4,complete,validated_incumbent_matches_global_bound,4,0.0,0.24444440000661416,518.0990973000007,518.5422326000044,0.05248410000058357,0.007958700000017416,186.08167799989315,158.14337330012495,136.15755020004144,3921,66.0,6,0.004216599998471793,qaia,,,,,,,6154abdfa6b91c1947cb9391b1dc68e6b28f10b043df5e76705b7d6d865f7f12,368ba55f3207fb114457881ca4a31587fe1f1603cec146453844dccfb30ae709,
cim_active_20260923_184108,2019-03-11_N8_C2,600.0,cim,bp_active_excluding_cloud_call,178.48161609999806,242.82391060000373,vehicle,2019-03-11_N8_C2_cim_s1.json,1,optimal,1,66.0,66.0,0.0,66.0,0.0,53,66,66,0.007368500002485234,4,complete,validated_incumbent_matches_global_bound,3,0.0,1.594721199995547,178.2841763999968,421.30552819999866,0.013935199996922165,0.007746999996015802,53.32735789979051,51.75511330005975,60.334770699708315,2174,66.0,9,0.01850929999636719,cim,1,1,0,0,243.91695939999772,1.0930487999939942,,368ba55f3207fb114457881ca4a31587fe1f1603cec146453844dccfb30ae709,
cim_active_20260923_184108,2019-03-11_N8_C2,600.0,cim,bp_active_excluding_cloud_call,173.67523329999676,605.0360235999979,vehicle,2019-03-11_N8_C2_cim_s2.json,2,optimal,1,66.0,66.0,0.0,66.0,0.0,53,66,66,0.007324600002903026,4,complete,validated_incumbent_matches_global_bound,2,0.0,1.5400985999949626,173.369887199995,778.7112584999995,0.014449099995545112,0.008065699999860954,52.53281860019342,60.85118999992119,51.231057400334976,1701,66.0,9,0.015256700004101731,cim,1,1,0,0,606.1381967999987,1.1021732000008342,,368ba55f3207fb114457881ca4a31587fe1f1603cec146453844dccfb30ae709,
cim_active_20260923_184108,2019-03-11_N8_C2,600.0,qaia_tuned,bp_active_excluding_cloud_call,7.26964389999921,0.0,vehicle,2019-03-11_N8_C2_qaia_tuned_s2.json,2,optimal,1,66.0,66.0,0.0,66.0,0.0,53,66,66,0.008318899999721907,4,complete,validated_incumbent_matches_global_bound,7,0.0,0.2233012999931816,7.252846999996109,7.26964500000031,0.04848920000222279,0.007825500004400965,2.4334518000177923,3.1509091000189073,1.3898541999951703,42,66.0,6,0.0057403999962843955,qaia,,,,,,,6154abdfa6b91c1947cb9391b1dc68e6b28f10b043df5e76705b7d6d865f7f12,368ba55f3207fb114457881ca4a31587fe1f1603cec146453844dccfb30ae709,
cim_active_20260923_184108,2019-03-11_N12_C3,600.0,compact,bp_active_excluding_cloud_call,0.06958270000177436,0.0,vehicle,2019-03-11_N12_C3_compact.json,0,optimal,1,61.0,61.0,0.0,,,,,,,,,,,0.0,0.014475199997832533,0.05378960000234656,0.06958450000092853,,,,,,,,,,,,,,,,,,368ba55f3207fb114457881ca4a31587fe1f1603cec146453844dccfb30ae709,
cim_active_20260923_184108,2019-03-11_N12_C3,600.0,cim,bp_active_excluding_cloud_call,600.0490757000007,244.1898438999997,vehicle,2019-03-11_N12_C3_cim_s0.json,0,time_limit,1,64.0,61.0,4.918032786885246,61,4.6875,53,61,61,0.009379299997817725,5,complete,,2,4.6875,2.8945326000030036,140.83248959999764,844.2389207000015,0.02025819999835221,0.013249899995571468,186.68419059998996,269.70558449983946,114.62648669916234,4978,61.0,9,0.02439569999842206,cim,1,1,0,0,246.70655049999914,2.516706599999452,,368ba55f3207fb114457881ca4a31587fe1f1603cec146453844dccfb30ae709,After branch construction: global time budget exhausted
cim_active_20260923_184108,2019-03-11_N12_C3,600.0,qaia_tuned,bp_active_excluding_cloud_call,600.0008661000029,0.0,vehicle,2019-03-11_N12_C3_qaia_tuned_s0.json,0,time_limit,1,64.0,61.0,4.918032786885246,61,4.6875,53,61,61,0.009991999999328982,5,complete,,9,4.6875,0.48985150000225985,105.1255364000026,600.0008672999975,0.054768200003309175,0.012517399998614565,202.66442710012052,234.03836629986472,131.90932959978818,5177,61.0,10,0.01408860000083223,qaia,,,,,,,6154abdfa6b91c1947cb9391b1dc68e6b28f10b043df5e76705b7d6d865f7f12,368ba55f3207fb114457881ca4a31587fe1f1603cec146453844dccfb30ae709,Exact pricing reached TimeLimit; node is not certified
cim_active_20260923_184108,2019-03-11_N12_C3,600.0,exact,bp_active_excluding_cloud_call,362.4977805000017,0.0,vehicle,2019-03-11_N12_C3_exact_r0.json,0,optimal,1,61.0,61.0,0.0,61.0,0.0,53,61,61,0.009319699995103292,5,complete,validated_incumbent_matches_global_bound,,0.0,0.5209247000020696,361.7321426999988,362.4977820999993,0.0223002999991877,0.012144200001785066,124.70900640020409,127.14429219997692,83.76490730066143,3957,61.0,8,0.025762900004338007,,,,,,,,,368ba55f3207fb114457881ca4a31587fe1f1603cec146453844dccfb30ae709,
cim_active_20260923_184108,2019-03-11_N12_C3,600.0,qaia_tuned,bp_active_excluding_cloud_call,600.0052679999935,0.0,vehicle,2019-03-11_N12_C3_qaia_tuned_s1.json,1,time_limit,1,63.0,61.0,3.278688524590164,61,3.1746031746031744,53,61,61,0.009695599997940008,5,complete,,8,3.1746031746031744,0.7382218999991892,148.73323609999352,600.0052693000034,0.05334940000466304,0.012168399996880908,202.5704853999341,235.92422440014343,130.45681000024342,5099,61.0,9,0.02579680000053486,qaia,,,,,,,6154abdfa6b91c1947cb9391b1dc68e6b28f10b043df5e76705b7d6d865f7f12,368ba55f3207fb114457881ca4a31587fe1f1603cec146453844dccfb30ae709,Exact pricing: global time budget exhausted
cim_active_20260923_184108,2019-03-11_N12_C3,600.0,cim,bp_active_excluding_cloud_call,600.0494232999918,244.58128850000503,vehicle,2019-03-11_N12_C3_cim_s1.json,1,time_limit,1,62.0,61.0,1.639344262295082,61,1.6129032258064515,53,61,61,0.009018300006573554,5,complete,,3,1.6129032258064515,2.814642899989849,245.21578309999313,844.6307129999987,0.021237000000837725,0.012499399999796879,201.09835790018406,231.96424729991122,134.61916050065338,5008,61.0,8,0.0427927000055206,cim,1,1,0,0,246.9853035999986,2.4040150999935577,,368ba55f3207fb114457881ca4a31587fe1f1603cec146453844dccfb30ae709,After branch construction: global time budget exhausted
cim_active_20260923_184108,2019-03-11_N12_C3,600.0,cim,bp_active_excluding_cloud_call,600.0179419999986,183.8444512999995,vehicle,2019-03-11_N12_C3_cim_s2.json,2,time_limit,1,64.0,61.0,4.918032786885246,61,4.6875,53,61,61,0.00900289999844972,5,complete,,2,4.6875,3.0901151999933063,140.96042169999419,783.8623946000007,0.021582200002740137,0.012438300000212621,186.64910999979475,269.7294478001204,114.34069549967535,4962,61.0,9,0.024440400004095864,cim,1,1,0,0,186.53594379999413,2.691492499994638,,368ba55f3207fb114457881ca4a31587fe1f1603cec146453844dccfb30ae709,After branch construction: global time budget exhausted
cim_active_20260923_184108,2019-03-11_N12_C3,600.0,qaia_tuned,bp_active_excluding_cloud_call,600.0218300000051,0.0,vehicle,2019-03-11_N12_C3_qaia_tuned_s2.json,2,time_limit,1,62.0,61.0,1.639344262295082,61,1.6129032258064515,53,61,61,0.009101199997530784,5,complete,,11,1.6129032258064515,0.762353099999018,581.6148950999996,600.021831099999,0.05667790000006789,0.012252400003490038,194.23581240009662,255.34954920010205,119.8212864001689,4974,61.0,9,0.029750499998044688,qaia,,,,,,,6154abdfa6b91c1947cb9391b1dc68e6b28f10b043df5e76705b7d6d865f7f12,368ba55f3207fb114457881ca4a31587fe1f1603cec146453844dccfb30ae709,After pricing construction: global time budget exhausted
cim_active_20260923_184108,2019-03-11_N16_C4,600.0,compact,bp_active_excluding_cloud_call,0.2539617999937036,0.0,vehicle,2019-03-11_N16_C4_compact.json,0,optimal,1,62.0,62.0,0.0,,,,,,,,,,,0.0,0.020262899997760542,0.2348058999996283,0.25396360000013374,,,,,,,,,,,,,,,,,,368ba55f3207fb114457881ca4a31587fe1f1603cec146453844dccfb30ae709,
cim_active_20260923_184108,2019-03-11_N16_C4,600.0,cim,bp_active_excluding_cloud_call,599.9997132999997,128.08473909999884,vehicle,2019-03-11_N16_C4_cim_s0.json,0,time_limit,1,64.0,62.0,3.225806451612903,62,3.125,53,61,62,0.011425299999245908,5,complete,,3,3.125,8.535986100003356,232.12574129999848,728.0844533999989,0.03174880000005942,0.021120799996424466,192.10328249996383,294.3957183001403,98.29768170008902,2146,62.0,10,0.050070299999788404,cim,1,1,0,0,136.042480600001,7.957741500002157,,368ba55f3207fb114457881ca4a31587fe1f1603cec146453844dccfb30ae709,Exact pricing reached TimeLimit; node is not certified
cim_active_20260923_184108,2019-03-11_N16_C4,600.0,qaia_tuned,bp_active_excluding_cloud_call,604.8031722999949,0.0,vehicle,2019-03-11_N16_C4_qaia_tuned_s0.json,0,time_limit,1,65.0,62.0,4.838709677419355,62,4.615384615384615,53,61,62,0.01243850000173552,5,complete,,14,4.615384615384615,2.144328399997903,528.2437108999948,604.8031734000033,0.0667122999948333,0.01942889999918407,185.8047719998649,291.2461831000692,108.52901560027385,2560,62.0,17,0.06262509999942267,qaia,,,,,,,6154abdfa6b91c1947cb9391b1dc68e6b28f10b043df5e76705b7d6d865f7f12,368ba55f3207fb114457881ca4a31587fe1f1603cec146453844dccfb30ae709,After branch construction: global time budget exhausted
cim_active_20260923_184108,2019-03-11_N16_C4,600.0,exact,bp_active_excluding_cloud_call,600.0033148000002,0.0,vehicle,2019-03-11_N16_C4_exact_r0.json,0,time_limit,1,63.0,62.0,1.6129032258064515,62,1.5873015873015872,53,61,62,0.011578600002394523,5,complete,,,1.5873015873015872,1.1798371999975643,342.15436670000054,600.0033161999963,0.03017849999741884,0.020163000001048204,191.19818500026304,292.7684183001329,98.38704740005778,2446,62.0,8,0.07966049999959068,,,,,,,,,368ba55f3207fb114457881ca4a31587fe1f1603cec146453844dccfb30ae709,列生成在精确定价完成之前达到时间限制
cim_active_20260923_184108,2019-03-11_N16_C4,600.0,qaia_tuned,bp_active_excluding_cloud_call,601.4064995000008,0.0,vehicle,2019-03-11_N16_C4_qaia_tuned_s1.json,1,time_limit,1,65.0,62.0,4.838709677419355,62,4.615384615384615,53,61,62,0.011698700000124518,5,complete,,14,4.615384615384615,2.1741859999965527,524.9455552,601.4065008000034,0.06602810000185855,0.02002090000314638,184.25445689992193,290.7158809999819,107.20431629980885,2560,62.0,17,0.07126720000087516,qaia,,,,,,,6154abdfa6b91c1947cb9391b1dc68e6b28f10b043df5e76705b7d6d865f7f12,368ba55f3207fb114457881ca4a31587fe1f1603cec146453844dccfb30ae709,After branch construction: global time budget exhausted
cim_active_20260923_184108,2019-03-11_N16_C4,600.0,cim,bp_active_excluding_cloud_call,600.0429825000028,188.3029843999975,vehicle,2019-03-11_N16_C4_cim_s1.json,1,time_limit,1,67.0,62.0,8.064516129032258,62,7.462686567164179,53,61,62,0.01193720000446774,5,complete,,3,7.462686567164179,9.189949599996908,244.80632360000163,788.3459679000007,0.0308048000006238,0.021632900003169198,190.6669475999006,297.46212159981224,97.26487559971429,2126,62.0,9,0.07193449999613222,cim,1,1,0,0,195.97021150000364,7.66722710000613,,368ba55f3207fb114457881ca4a31587fe1f1603cec146453844dccfb30ae709,After branch construction: global time budget exhausted
cim_active_20260923_184108,2019-03-11_N16_C4,600.0,cim,bp_active_excluding_cloud_call,600.041708299992,188.02667730000394,vehicle,2019-03-11_N16_C4_cim_s2.json,2,time_limit,1,65.0,62.0,4.838709677419355,62,4.615384615384615,53,61,62,0.011107099999208003,5,complete,,3,4.615384615384615,8.593428999993193,454.827804799992,788.0683866999971,0.03154369999538176,0.02161049999995157,190.27080210008717,285.8148075999634,106.2824099002246,2413,62.0,9,0.03517989999818383,cim,1,1,0,0,195.65696490000119,7.630287599997246,,368ba55f3207fb114457881ca4a31587fe1f1603cec146453844dccfb30ae709,After pricing construction: global time budget exhausted
cim_active_20260923_184108,2019-03-11_N16_C4,600.0,qaia_tuned,bp_active_excluding_cloud_call,600.1783947999938,0.0,vehicle,2019-03-11_N16_C4_qaia_tuned_s2.json,2,time_limit,1,65.0,62.0,4.838709677419355,62,4.615384615384615,53,61,62,0.011606300002313219,5,complete,,14,4.615384615384615,2.1369981999960146,524.366036899999,600.1783961000037,0.07356609999987995,0.020407099997100886,182.99745500018616,290.79581090015563,107.22086060018773,2560,62.0,17,0.06293429999641376,qaia,,,,,,,6154abdfa6b91c1947cb9391b1dc68e6b28f10b043df5e76705b7d6d865f7f12,368ba55f3207fb114457881ca4a31587fe1f1603cec146453844dccfb30ae709,After branch construction: global time budget exhausted
cim_active_20260923_184108,2019-03-11_N20_C5,600.0,compact,bp_active_excluding_cloud_call,0.18925360000139335,0.0,vehicle,2019-03-11_N20_C5_compact.json,0,optimal,1,62.0,62.0,0.0,,,,,,,,,,,0.0,0.029300599999260157,0.13250410000182455,0.18925519999902463,,,,,,,,,,,,,,,,,,368ba55f3207fb114457881ca4a31587fe1f1603cec146453844dccfb30ae709,
cim_active_20260923_184108,2019-03-11_N20_C5,600.0,cim,bp_active_excluding_cloud_call,600.0094539999991,209.9651903999984,vehicle,2019-03-11_N20_C5_cim_s0.json,0,time_limit,1,69.0,62.0,11.290322580645162,62,10.144927536231885,54,60,62,0.01206580000143731,4,complete,,3,10.144927536231885,20.323440699998173,267.0505717999986,809.9746455000059,0.04492729999765288,0.04370339999877615,190.09374959988054,294.9900669999115,101.09774679986731,1427,62.0,9,0.12496360000659479,cim,1,1,0,0,228.1237839999958,18.158593599997403,,368ba55f3207fb114457881ca4a31587fe1f1603cec146453844dccfb30ae709,After pricing construction: global time budget exhausted
cim_active_20260923_184108,2019-03-11_N20_C5,600.0,qaia_tuned,bp_active_excluding_cloud_call,600.0117152000021,0.0,vehicle,2019-03-11_N20_C5_qaia_tuned_s0.json,0,time_limit,1,68.0,62.0,9.67741935483871,62,8.823529411764707,54,60,62,0.014791099994909018,4,complete,,9,8.823529411764707,1.2213466000030166,403.2086333000043,600.011717100002,0.08948940000118455,0.08607689999917056,205.52955369996926,300.8143546999345,79.041774500045,1611,62.0,11,0.054993100005958695,qaia,,,,,,,6154abdfa6b91c1947cb9391b1dc68e6b28f10b043df5e76705b7d6d865f7f12,368ba55f3207fb114457881ca4a31587fe1f1603cec146453844dccfb30ae709,Exact pricing reached TimeLimit; node is not certified
cim_active_20260923_184108,2019-03-11_N20_C5,600.0,exact,bp_active_excluding_cloud_call,600.0077117000037,0.0,vehicle,2019-03-11_N20_C5_exact_r0.json,0,time_limit,1,68.0,62.0,9.67741935483871,62,8.823529411764707,54,60,62,0.012406099995132536,4,complete,,,8.823529411764707,2.330648700000893,496.02175470000657,600.0077132000006,0.04621269999915967,0.0471968999991077,199.0076740999939,297.9614710999158,87.95938700041734,1591,62.0,9,0.11316220000298927,,,,,,,,,368ba55f3207fb114457881ca4a31587fe1f1603cec146453844dccfb30ae709,After branch construction: global time budget exhausted
cim_active_20260923_184108,2019-03-11_N20_C5,600.0,qaia_tuned,bp_active_excluding_cloud_call,600.0169915000006,0.0,vehicle,2019-03-11_N20_C5_qaia_tuned_s1.json,1,time_limit,1,68.0,62.0,9.67741935483871,62,8.823529411764707,54,60,62,0.012640900000405964,4,complete,,9,8.823529411764707,1.1622881999937817,401.5920771999954,600.0169926000017,0.08314840000093682,0.0821395000020857,206.47001449997333,299.93357820014353,78.96566470004473,1619,62.0,11,0.055388199994922616,qaia,,,,,,,6154abdfa6b91c1947cb9391b1dc68e6b28f10b043df5e76705b7d6d865f7f12,368ba55f3207fb114457881ca4a31587fe1f1603cec146453844dccfb30ae709,After pricing construction: global time budget exhausted
cim_active_20260923_184108,2019-03-11_N20_C5,600.0,cim,bp_active_excluding_cloud_call,600.0950374000022,208.93317309999838,vehicle,2019-03-11_N20_C5_cim_s1.json,1,time_limit,1,68.0,62.0,9.67741935483871,62,8.823529411764707,54,60,62,0.01373040000180481,4,complete,,3,8.823529411764707,21.32834610000282,541.7201020000066,809.0282116000017,0.045211500000732485,0.044452199996158015,183.8982463997454,307.01165439988836,97.09781779988407,1246,62.0,8,0.12982370000099763,cim,1,1,0,0,228.31491120000283,19.38173810000444,,368ba55f3207fb114457881ca4a31587fe1f1603cec146453844dccfb30ae709,After pricing construction: global time budget exhausted
cim_active_20260923_184108,2019-03-11_N20_C5,600.0,cim,bp_active_excluding_cloud_call,600.0427415000013,270.0521174999958,vehicle,2019-03-11_N20_C5_cim_s2.json,2,time_limit,1,66.0,62.0,6.451612903225806,62,6.0606060606060606,54,60,62,0.012662900000577793,4,complete,,3,6.0606060606060606,23.671741400001338,521.5595249000035,870.094860199999,0.046403700005612336,0.044665399997029454,190.3250571002427,297.4776230000134,98.50573430029908,1494,62.0,9,0.06918360000418033,cim,1,1,0,0,291.46066370000335,21.40854620000755,,368ba55f3207fb114457881ca4a31587fe1f1603cec146453844dccfb30ae709,After branch construction: global time budget exhausted
cim_active_20260923_184108,2019-03-11_N20_C5,600.0,qaia_tuned,bp_active_excluding_cloud_call,600.2370609999998,0.0,vehicle,2019-03-11_N20_C5_qaia_tuned_s2.json,2,time_limit,1,69.0,62.0,11.290322580645162,62,10.144927536231885,54,60,62,0.012871300001279451,4,complete,,9,10.144927536231885,1.290041200001724,564.609723900001,600.2370624000032,0.08019629999762401,0.07529480000084732,192.2306608001236,316.2632097001115,79.17978100028267,1281,62.0,12,0.07164729999931296,qaia,,,,,,,6154abdfa6b91c1947cb9391b1dc68e6b28f10b043df5e76705b7d6d865f7f12,368ba55f3207fb114457881ca4a31587fe1f1603cec146453844dccfb30ae709,After branch construction: global time budget exhausted
cim_active_20260923_184108,2019-03-12_N8_C2,600.0,compact,bp_active_excluding_cloud_call,0.036254500002542045,0.0,vehicle,2019-03-12_N8_C2_compact.json,0,optimal,1,68.0,68.0,0.0,,,,,,,,,,,0.0,0.027418600002420135,0.032537900005991105,0.03625579999788897,,,,,,,,,,,,,,,,,,368ba55f3207fb114457881ca4a31587fe1f1603cec146453844dccfb30ae709,
cim_active_20260923_184108,2019-03-12_N8_C2,600.0,cim,bp_active_excluding_cloud_call,1.2053398000061861,244.38308819999656,vehicle,2019-03-12_N8_C2_cim_s0.json,0,error,0,,68.0,,68,,62,64,68,0.006934499993803911,4,complete,,0,,,,245.5884290000031,0.005817099998239428,0.012590400001499802,0.05481339999823831,0.0,1.121477100008633,1,,1,0.0,cim,1,0,0,0,245.48614929999894,1.1030611000023782,,368ba55f3207fb114457881ca4a31587fe1f1603cec146453844dccfb30ae709,RuntimeError('CIM worker failed; inspect D:\\pythonProject\\BP_QAIA_PCP\\results\\cim_tasks\\bp3e66acf1bf4f4f7fa669\\worker.log')
cim_active_20260923_184108,2019-03-12_N8_C2,600.0,qaia_tuned,bp_active_excluding_cloud_call,2.205102899999474,0.0,vehicle,2019-03-12_N8_C2_qaia_tuned_s0.json,0,optimal,1,68.0,68.0,0.0,68.0,0.0,62,64,68,0.006979600002523512,4,complete,validated_incumbent_matches_global_bound,10,0.0,0.47313170000415994,2.2017711000007694,2.2051043000028585,0.005945400000200607,0.04887950000556884,0.5046049000011408,0.8602957000039169,0.7002328000162379,13,68.0,12,0.00584829999570502,qaia,,,,,,,6154abdfa6b91c1947cb9391b1dc68e6b28f10b043df5e76705b7d6d865f7f12,368ba55f3207fb114457881ca4a31587fe1f1603cec146453844dccfb30ae709,
cim_active_20260923_184108,2019-03-12_N8_C2,600.0,exact,bp_active_excluding_cloud_call,7.8599147999993875,0.0,vehicle,2019-03-12_N8_C2_exact_r0.json,0,optimal,1,68.0,68.0,0.0,68.0,0.0,62,64,68,0.006967599998461083,4,complete,validated_incumbent_matches_global_bound,,0.0,0.18898469999840017,7.851165799998853,7.85991610000201,0.005467499999213032,0.012239199997566175,2.0676098000258207,2.8186062999957358,2.596575599971402,61,68.0,11,0.004898600003798492,,,,,,,,,368ba55f3207fb114457881ca4a31587fe1f1603cec146453844dccfb30ae709,
cim_active_20260923_184108,2019-03-12_N8_C2,600.0,qaia_tuned,bp_active_excluding_cloud_call,2.2188114000018686,0.0,vehicle,2019-03-12_N8_C2_qaia_tuned_s1.json,1,optimal,1,68.0,68.0,0.0,68.0,0.0,62,64,68,0.006947900001250673,4,complete,validated_incumbent_matches_global_bound,10,0.0,0.46612350000214064,2.2151270999966073,2.2188126999972155,0.005608400002529379,0.04782790000172099,0.511596099982853,0.8642190999962622,0.7023956999764778,13,68.0,12,0.006289700002525933,qaia,,,,,,,6154abdfa6b91c1947cb9391b1dc68e6b28f10b043df5e76705b7d6d865f7f12,368ba55f3207fb114457881ca4a31587fe1f1603cec146453844dccfb30ae709,
cim_active_20260923_184108,2019-03-12_N8_C2,600.0,cim,bp_active_excluding_cloud_call,1.0481628999987151,425.25568159999966,vehicle,2019-03-12_N8_C2_cim_s1.json,1,error,0,,68.0,,68,,62,64,68,0.006558599998243153,4,complete,,0,,,,426.303845800001,0.005529400004888885,0.013193099999625701,0.05517120000149589,0.0,0.9628124000009848,1,,1,0.0,cim,1,0,0,0,426.2000698999982,0.9443882999985362,,368ba55f3207fb114457881ca4a31587fe1f1603cec146453844dccfb30ae709,RuntimeError('CIM worker failed; inspect D:\\pythonProject\\BP_QAIA_PCP\\results\\cim_tasks\\bpf6a28be6826c4d66977d\\worker.log')
cim_active_20260923_184108,2019-03-12_N8_C2,600.0,cim,bp_active_excluding_cloud_call,1.0942403000080958,425.6792368999959,vehicle,2019-03-12_N8_C2_cim_s2.json,2,error,0,,68.0,,68,,62,64,68,0.008130700000037905,4,complete,,0,,,,426.7734786000001,0.005538999997952487,0.02036229999794159,0.05660319999878993,0.0,0.999612800005707,1,,1,0.0,cim,1,0,0,0,426.65945900000224,0.9802221000063582,,368ba55f3207fb114457881ca4a31587fe1f1603cec146453844dccfb30ae709,RuntimeError('CIM worker failed; inspect D:\\pythonProject\\BP_QAIA_PCP\\results\\cim_tasks\\bp56d235a7d4ee42e4b884\\worker.log')
cim_active_20260923_184108,2019-03-12_N8_C2,600.0,qaia_tuned,bp_active_excluding_cloud_call,2.204817500001809,0.0,vehicle,2019-03-12_N8_C2_qaia_tuned_s2.json,2,optimal,1,68.0,68.0,0.0,68.0,0.0,62,64,68,0.006694900002912618,4,complete,validated_incumbent_matches_global_bound,10,0.0,0.4651014000046416,2.201372800001991,2.2048185000021476,0.005539600002521183,0.04590800000005402,0.5099214000147185,0.8573779999933322,0.6917447999949218,13,68.0,12,0.014062599999306258,qaia,,,,,,,6154abdfa6b91c1947cb9391b1dc68e6b28f10b043df5e76705b7d6d865f7f12,368ba55f3207fb114457881ca4a31587fe1f1603cec146453844dccfb30ae709,
cim_active_20260923_184108,2019-03-12_N12_C3,600.0,compact,bp_active_excluding_cloud_call,0.08356970000022557,0.0,vehicle,2019-03-12_N12_C3_compact.json,0,optimal,1,64.0,64.0,0.0,,,,,,,,,,,0.0,0.016673999998602085,0.0657772999984445,0.08357109999633394,,,,,,,,,,,,,,,,,,368ba55f3207fb114457881ca4a31587fe1f1603cec146453844dccfb30ae709,
cim_active_20260923_184108,2019-03-12_N12_C3,600.0,cim,bp_active_excluding_cloud_call,269.8279318999994,243.65369680000003,vehicle,2019-03-12_N12_C3_cim_s0.json,0,optimal,1,64.0,64.0,0.0,64.0,0.0,62,62,64,0.011195599996426608,4,complete,validated_incumbent_matches_global_bound,3,0.0,3.0770424000002095,269.20387740000297,513.4816303000043,0.03418670000246493,0.01660960000299383,80.38229789993784,111.89241960013169,64.10306880030839,1916,64.0,9,0.01267369999550283,cim,1,1,0,0,246.19394399999874,2.540247199998703,,368ba55f3207fb114457881ca4a31587fe1f1603cec146453844dccfb30ae709,
cim_active_20260923_184108,2019-03-12_N12_C3,600.0,qaia_tuned,bp_active_excluding_cloud_call,17.13511689999723,0.0,vehicle,2019-03-12_N12_C3_qaia_tuned_s0.json,0,optimal,1,64.0,64.0,0.0,64.0,0.0,62,62,64,0.009797599996090867,4,complete,validated_incumbent_matches_global_bound,7,0.0,0.42436199999792734,17.09982719999971,17.135118299993337,0.06112869999924442,0.013369799999054521,4.643872700020438,7.425044599985995,4.464251399993373,58,64.0,8,0.020663300005253404,qaia,,,,,,,6154abdfa6b91c1947cb9391b1dc68e6b28f10b043df5e76705b7d6d865f7f12,368ba55f3207fb114457881ca4a31587fe1f1603cec146453844dccfb30ae709,
cim_active_20260923_184108,2019-03-12_N12_C3,600.0,exact,bp_active_excluding_cloud_call,433.55291659999784,0.0,vehicle,2019-03-12_N12_C3_exact_r0.json,0,optimal,1,64.0,64.0,0.0,64.0,0.0,62,62,64,0.008846800003084354,4,complete,validated_incumbent_matches_global_bound,,0.0,0.3759393000000273,432.36536669999623,433.5529186999993,0.02124109999567736,0.013235500002338085,120.38815000009345,179.71940739979618,114.74848150058097,2779,64.0,9,0.015425599995069206,,,,,,,,,368ba55f3207fb114457881ca4a31587fe1f1603cec146453844dccfb30ae709,
cim_active_20260923_184108,2019-03-12_N12_C3,600.0,qaia_tuned,bp_active_excluding_cloud_call,341.51989969999704,0.0,vehicle,2019-03-12_N12_C3_qaia_tuned_s1.json,1,optimal,1,64.0,64.0,0.0,64.0,0.0,62,62,64,0.009085800003958866,4,complete,validated_incumbent_matches_global_bound,9,0.0,0.43504329999996116,340.57861330000014,341.51990099999966,0.05381869999837363,0.012956700003996957,98.76045570008864,154.18077109975275,77.21312490032142,1591,64.0,8,0.0178068000022904,qaia,,,,,,,6154abdfa6b91c1947cb9391b1dc68e6b28f10b043df5e76705b7d6d865f7f12,368ba55f3207fb114457881ca4a31587fe1f1603cec146453844dccfb30ae709,
cim_active_20260923_184108,2019-03-12_N12_C3,600.0,cim,bp_active_excluding_cloud_call,92.52318840000225,242.83799449999788,vehicle,2019-03-12_N12_C3_cim_s1.json,1,optimal,1,64.0,64.0,0.0,64.0,0.0,62,62,64,0.010026800002378877,4,complete,validated_incumbent_matches_global_bound,3,0.0,2.822176000001491,92.32669750000059,335.3611845999985,0.023351600000751205,0.013945099999546073,24.423073799989652,39.23975959997915,24.959055900042586,522,64.0,9,0.012323000002652407,cim,1,1,0,0,245.15668899999582,2.318694499997946,,368ba55f3207fb114457881ca4a31587fe1f1603cec146453844dccfb30ae709,
cim_active_20260923_184108,2019-03-12_N12_C3,600.0,cim,bp_active_excluding_cloud_call,600.0049601999999,243.37806129999808,vehicle,2019-03-12_N12_C3_cim_s2.json,2,time_limit,1,65.0,64.0,1.5625,64,1.5384615384615385,62,62,64,0.008820999995805323,4,complete,,3,1.5384615384615385,2.7967353999993065,81.1518916999994,843.3830225999991,0.022353399996063672,0.013977999995404389,168.10994590019982,226.77446570010943,172.90975859964965,4213,64.0,9,0.012212699999508914,cim,1,1,0,0,245.66209979999985,2.2840385000017704,,368ba55f3207fb114457881ca4a31587fe1f1603cec146453844dccfb30ae709,After pricing construction: global time budget exhausted
cim_active_20260923_184108,2019-03-12_N12_C3,600.0,qaia_tuned,bp_active_excluding_cloud_call,340.9772076999943,0.0,vehicle,2019-03-12_N12_C3_qaia_tuned_s2.json,2,optimal,1,64.0,64.0,0.0,64.0,0.0,62,62,64,0.009004300001834054,4,complete,validated_incumbent_matches_global_bound,9,0.0,0.44158449999667937,340.03337889999966,340.977209100005,0.05607550000422634,0.013646300001710188,99.03320050000184,153.38445570001204,77.13701129987749,1591,64.0,8,0.019817199994577095,qaia,,,,,,,6154abdfa6b91c1947cb9391b1dc68e6b28f10b043df5e76705b7d6d865f7f12,368ba55f3207fb114457881ca4a31587fe1f1603cec146453844dccfb30ae709,
cim_active_20260923_184108,2019-03-12_N16_C4,600.0,compact,bp_active_excluding_cloud_call,0.0725562000006903,0.0,vehicle,2019-03-12_N16_C4_compact.json,0,optimal,1,62.0,62.0,0.0,,,,,,,,,,,0.0,0.04329390000202693,0.06755949999933364,0.07255799999984447,,,,,,,,,,,,,,,,,,368ba55f3207fb114457881ca4a31587fe1f1603cec146453844dccfb30ae709,
cim_active_20260923_184108,2019-03-12_N16_C4,600.0,cim,bp_active_excluding_cloud_call,600.0053599000021,129.14030149999599,vehicle,2019-03-12_N16_C4_cim_s0.json,0,time_limit,1,67.0,62.0,8.064516129032258,62.0,7.462686567164179,62,62,62,0.011814099998446181,5,complete,,3,7.462686567164179,9.039850000001024,346.83248450000247,729.1456624999992,0.03366450000612531,0.02136350000364473,178.9257709001904,288.48055549994024,116.4670214000871,1909,62.0,10,0.07411609999689972,cim,1,1,0,0,136.59680130000197,7.456499800005986,,368ba55f3207fb114457881ca4a31587fe1f1603cec146453844dccfb30ae709,After node certification: global time budget exhausted
cim_active_20260923_184108,2019-03-12_N16_C4,600.0,qaia_tuned,bp_active_excluding_cloud_call,452.6313020999951,0.0,vehicle,2019-03-12_N16_C4_qaia_tuned_s0.json,0,optimal,1,62.0,62.0,0.0,62.0,0.0,62,62,62,0.010914999998931307,5,complete,validated_incumbent_matches_global_bound,12,0.0,0.9964940999998362,451.5359352999949,452.63130380000075,0.06759169999713777,0.020157200000539888,112.96195429989893,191.31135900007212,133.69316099993011,1329,62.0,13,0.030404699995415285,qaia,,,,,,,6154abdfa6b91c1947cb9391b1dc68e6b28f10b043df5e76705b7d6d865f7f12,368ba55f3207fb114457881ca4a31587fe1f1603cec146453844dccfb30ae709,
cim_active_20260923_184108,2019-03-12_N16_C4,600.0,exact,bp_active_excluding_cloud_call,311.82970580000256,0.0,vehicle,2019-03-12_N16_C4_exact_r0.json,0,optimal,1,62.0,62.0,0.0,62.0,0.0,62,62,62,0.011377399998309556,5,complete,validated_incumbent_matches_global_bound,,0.0,0.5189676000009058,311.09996690000116,311.8297072999994,0.03223029999935534,0.021899999999732245,77.04781020008522,137.60343890000513,87.68462870017538,867,62.0,10,0.07929020000301534,,,,,,,,,368ba55f3207fb114457881ca4a31587fe1f1603cec146453844dccfb30ae709,
cim_active_20260923_184108,2019-03-12_N16_C4,600.0,qaia_tuned,bp_active_excluding_cloud_call,600.0055992999987,0.0,vehicle,2019-03-12_N16_C4_qaia_tuned_s1.json,1,time_limit,1,63.0,62.0,1.6129032258064515,62.0,1.5873015873015872,62,62,62,0.01107649999903515,5,complete,,13,1.5873015873015872,0.9910043999989284,280.102206399999,600.0056007000021,0.06676700000389246,0.020625299999665003,147.59569260010176,255.6281342999573,180.02271009984543,1678,62.0,13,0.04531899999710731,qaia,,,,,,,6154abdfa6b91c1947cb9391b1dc68e6b28f10b043df5e76705b7d6d865f7f12,368ba55f3207fb114457881ca4a31587fe1f1603cec146453844dccfb30ae709,After branch construction: global time budget exhausted
cim_active_20260923_184108,2019-03-12_N16_C4,600.0,cim,bp_active_excluding_cloud_call,340.75974829999905,249.72339590000047,vehicle,2019-03-12_N16_C4_cim_s1.json,1,optimal,1,62.0,62.0,0.0,62.0,0.0,62,62,62,0.011772499994549435,5,complete,validated_incumbent_matches_global_bound,3,0.0,8.13285079999332,339.9233083999934,590.4831457000037,0.030776300001889467,0.02297579999867594,90.17652929992619,154.82481549995282,86.53616329991928,832,62.0,9,0.04526069999701576,cim,1,1,0,0,256.54872869999963,6.82533279999916,,368ba55f3207fb114457881ca4a31587fe1f1603cec146453844dccfb30ae709,
cim_active_20260923_184108,2019-03-12_N16_C4,600.0,cim,bp_active_excluding_cloud_call,600.0083397000053,189.14754929999617,vehicle,2019-03-12_N16_C4_cim_s2.json,2,time_limit,1,66.0,62.0,6.451612903225806,62.0,6.0606060606060606,62,62,62,0.011112600004707929,5,complete,,3,6.0606060606060606,8.80029870000726,356.0483211000028,789.1558901000026,0.03172859999904176,0.02203690000169445,164.8419720000893,293.4535043999931,124.17663760007417,2142,62.0,10,0.04984929999773158,cim,1,1,0,0,196.52019679999648,7.372647500000312,,368ba55f3207fb114457881ca4a31587fe1f1603cec146453844dccfb30ae709,After branch construction: global time budget exhausted
cim_active_20260923_184108,2019-03-12_N16_C4,600.0,qaia_tuned,bp_active_excluding_cloud_call,599.9969409000041,0.0,vehicle,2019-03-12_N16_C4_qaia_tuned_s2.json,2,time_limit,1,65.0,62.0,4.838709677419355,62.0,4.615384615384615,62,62,62,0.010996199998771772,5,complete,,13,4.615384615384615,0.7317976999984239,200.06697949999943,599.9969420999987,0.06645209999987856,0.020523099999991246,140.28018420024455,264.6179548002765,178.07714909993229,1772,62.0,14,0.09938160000456264,qaia,,,,,,,6154abdfa6b91c1947cb9391b1dc68e6b28f10b043df5e76705b7d6d865f7f12,368ba55f3207fb114457881ca4a31587fe1f1603cec146453844dccfb30ae709,Exact pricing reached TimeLimit; node is not certified
cim_active_20260923_184108,2019-03-12_N20_C5,600.0,compact,bp_active_excluding_cloud_call,0.07401969999773428,0.0,vehicle,2019-03-12_N20_C5_compact.json,0,optimal,1,62.0,62.0,0.0,,,,,,,,,,,0.0,0.029737099997873884,0.06873899999482092,0.07402150000416441,,,,,,,,,,,,,,,,,,368ba55f3207fb114457881ca4a31587fe1f1603cec146453844dccfb30ae709,
cim_active_20260923_184108,2019-03-12_N20_C5,600.0,cim,bp_active_excluding_cloud_call,599.998706499995,246.48599890000332,vehicle,2019-03-12_N20_C5_cim_s0.json,0,time_limit,1,66.0,62.0,6.451612903225806,62.0,6.0606060606060606,62,62,62,0.012690700001257937,5,complete,,3,6.0606060606060606,18.658445199995185,552.4961083999951,846.4847064999994,0.04464420000294922,0.044599499997275416,170.05222949972813,296.3614344999951,121.00205940010346,1189,62.0,10,0.11319080000248505,cim,1,1,0,0,263.13460530000157,16.648606399998243,,368ba55f3207fb114457881ca4a31587fe1f1603cec146453844dccfb30ae709,Exact pricing reached TimeLimit; node is not certified
cim_active_20260923_184108,2019-03-12_N20_C5,600.0,qaia_tuned,bp_active_excluding_cloud_call,600.0701725000035,0.0,vehicle,2019-03-12_N20_C5_qaia_tuned_s0.json,0,time_limit,1,69.0,62.0,11.290322580645162,62.0,10.144927536231885,62,62,62,0.013219300002674572,5,complete,,13,10.144927536231885,2.5934383000058006,546.5303042000014,600.0701736999981,0.08001640000293264,0.07960219999949913,187.14015839999774,289.5720272999388,110.9948248000801,1093,62.0,16,0.03673669999989215,qaia,,,,,,,6154abdfa6b91c1947cb9391b1dc68e6b28f10b043df5e76705b7d6d865f7f12,368ba55f3207fb114457881ca4a31587fe1f1603cec146453844dccfb30ae709,After branch construction: global time budget exhausted
cim_active_20260923_184108,2019-03-12_N20_C5,600.0,exact,bp_active_excluding_cloud_call,600.0588079999943,0.0,vehicle,2019-03-12_N20_C5_exact_r0.json,0,time_limit,1,68.0,62.0,9.67741935483871,62.0,8.823529411764707,62,62,62,0.012371299999358598,5,complete,,,8.823529411764707,1.499675599996408,414.07012699999905,600.0588091000027,0.046965400004410185,0.04539620000286959,175.26280459998088,307.1957131998206,106.1293066998478,994,62.0,10,0.08722480000142241,,,,,,,,,368ba55f3207fb114457881ca4a31587fe1f1603cec146453844dccfb30ae709,After pricing construction: global time budget exhausted
cim_active_20260923_184108,2019-03-12_N20_C5,600.0,qaia_tuned,bp_active_excluding_cloud_call,600.1002502000047,0.0,vehicle,2019-03-12_N20_C5_qaia_tuned_s1.json,1,time_limit,1,69.0,62.0,11.290322580645162,62.0,10.144927536231885,62,62,62,0.012724799998977687,5,complete,,15,10.144927536231885,2.573154199999408,272.0488065000027,600.1002511999977,0.07771910000155913,0.0779668999966816,180.1383553000196,305.0202375999943,101.41979610011913,1368,62.0,16,0.08157439999922644,qaia,,,,,,,6154abdfa6b91c1947cb9391b1dc68e6b28f10b043df5e76705b7d6d865f7f12,368ba55f3207fb114457881ca4a31587fe1f1603cec146453844dccfb30ae709,After pricing construction: global time budget exhausted
cim_active_20260923_184108,2019-03-12_N20_C5,600.0,cim,bp_active_excluding_cloud_call,600.0058523999978,186.3651702999996,vehicle,2019-03-12_N20_C5_cim_s1.json,1,time_limit,1,68.0,62.0,9.67741935483871,62.0,8.823529411764707,62,62,62,0.012502599995059427,5,complete,,3,8.823529411764707,18.334083000001556,477.24806279999757,786.371023700005,0.043644199999107514,0.04264260000491049,175.20078879984067,292.8036241998416,119.22205339984066,1170,62.0,11,0.06174499999906402,cim,1,1,0,0,203.73549110000022,17.370320800000627,,368ba55f3207fb114457881ca4a31587fe1f1603cec146453844dccfb30ae709,Exact pricing reached TimeLimit; node is not certified
cim_active_20260923_184108,2019-03-12_N20_C5,600.0,cim,bp_active_excluding_cloud_call,600.1544615000093,306.63277829999424,vehicle,2019-03-12_N20_C5_cim_s2.json,2,time_limit,1,69.0,62.0,11.290322580645162,62.0,10.144927536231885,62,62,62,0.0123708999963128,5,complete,,3,10.144927536231885,18.607400400003826,584.0907289000097,906.7872410999989,0.046866500000760425,0.04011529999843333,162.3249235999392,283.6985678999772,142.1302285998754,1049,62.0,9,0.08947299999999814,cim,1,1,0,0,323.34865819999686,16.71587990000262,,368ba55f3207fb114457881ca4a31587fe1f1603cec146453844dccfb30ae709,After branch construction: global time budget exhausted
cim_active_20260923_184108,2019-03-12_N20_C5,600.0,qaia_tuned,bp_active_excluding_cloud_call,600.1504927999995,0.0,vehicle,2019-03-12_N20_C5_qaia_tuned_s2.json,2,time_limit,1,69.0,62.0,11.290322580645162,62.0,10.144927536231885,62,62,62,0.012223600002471358,5,complete,,13,10.144927536231885,2.577285399995162,546.3625306999966,600.1504939999941,0.07668800000101328,0.07547850000264589,187.90709159993276,289.49199629989016,110.35256330003904,1094,62.0,16,0.036602899999707006,qaia,,,,,,,6154abdfa6b91c1947cb9391b1dc68e6b28f10b043df5e76705b7d6d865f7f12,368ba55f3207fb114457881ca4a31587fe1f1603cec146453844dccfb30ae709,After branch construction: global time budget exhausted
cim_active_20260923_184108,2019-03-13_N8_C2,600.0,compact,bp_active_excluding_cloud_call,0.042129199995542876,0.0,vehicle,2019-03-13_N8_C2_compact.json,0,optimal,1,64.0,64.0,0.0,,,,,,,,,,,0.0,0.010077699997054879,0.03739299999870127,0.04213069999968866,,,,,,,,,,,,,,,,,,368ba55f3207fb114457881ca4a31587fe1f1603cec146453844dccfb30ae709,
cim_active_20260923_184108,2019-03-13_N8_C2,600.0,cim,bp_active_excluding_cloud_call,1.0480830000014976,423.710576700003,vehicle,2019-03-13_N8_C2_cim_s0.json,0,error,0,,64.0,,64,,58,62,64,0.006817999994382262,4,complete,,0,,,,424.7586611000006,0.005485699999553617,0.013058299999102019,0.05266950000077486,0.0,0.9663363999934518,1,,1,0.0,cim,1,0,0,0,424.658360100002,0.9477833999990253,,368ba55f3207fb114457881ca4a31587fe1f1603cec146453844dccfb30ae709,RuntimeError('CIM worker failed; inspect D:\\pythonProject\\BP_QAIA_PCP\\results\\cim_tasks\\bpd7509c60ebf849aa809a\\worker.log')
cim_active_20260923_184108,2019-03-13_N8_C2,600.0,qaia_tuned,bp_active_excluding_cloud_call,13.279885500000091,0.0,vehicle,2019-03-13_N8_C2_qaia_tuned_s0.json,0,optimal,1,64.0,64.0,0.0,64.0,0.0,58,62,64,0.008121399994706735,4,complete,validated_incumbent_matches_global_bound,9,0.0,0.2962528999996721,13.24923249999847,13.279886799995438,0.006773699999030214,0.04624049999983981,4.585394099965924,5.301680800017493,2.4890754998705233,212,64.0,9,0.00321770000300603,qaia,,,,,,,6154abdfa6b91c1947cb9391b1dc68e6b28f10b043df5e76705b7d6d865f7f12,368ba55f3207fb114457881ca4a31587fe1f1603cec146453844dccfb30ae709,
cim_active_20260923_184108,2019-03-13_N8_C2,600.0,exact,bp_active_excluding_cloud_call,56.91119089999847,0.0,vehicle,2019-03-13_N8_C2_exact_r0.json,0,optimal,1,64.0,64.0,0.0,64.0,0.0,58,62,64,0.007232800002384465,4,complete,validated_incumbent_matches_global_bound,,0.0,0.21116120000078809,56.78513419999945,56.91119230000186,0.005920800002058968,0.012836399997468106,17.628755199999432,22.59799409998959,13.335542900356813,806,64.0,9,0.006618500003241934,,,,,,,,,368ba55f3207fb114457881ca4a31587fe1f1603cec146453844dccfb30ae709,
cim_active_20260923_184108,2019-03-13_N8_C2,600.0,qaia_tuned,bp_active_excluding_cloud_call,52.715859199997794,0.0,vehicle,2019-03-13_N8_C2_qaia_tuned_s1.json,1,optimal,1,64.0,64.0,0.0,64.0,0.0,58,62,64,0.006846700001915451,4,complete,validated_incumbent_matches_global_bound,7,0.0,0.3830165000035777,52.59769970000343,52.71586060000118,0.005855800001882017,0.04541140000219457,17.218944999920495,20.849428399960743,11.689575199816318,702,64.0,9,0.004932600000756793,qaia,,,,,,,6154abdfa6b91c1947cb9391b1dc68e6b28f10b043df5e76705b7d6d865f7f12,368ba55f3207fb114457881ca4a31587fe1f1603cec146453844dccfb30ae709,
cim_active_20260923_184108,2019-03-13_N8_C2,600.0,cim,bp_active_excluding_cloud_call,1.1502342999956454,423.7701578000051,vehicle,2019-03-13_N8_C2_cim_s1.json,1,error,0,,64.0,,64,,58,62,64,0.00660980000247946,4,complete,,0,,,,424.9203933999961,0.006691299997328315,0.01300220000121044,0.050780800003849436,0.0,1.057589399999415,1,,1,0.0,cim,1,0,0,0,424.80957659999694,1.0394187999918358,,368ba55f3207fb114457881ca4a31587fe1f1603cec146453844dccfb30ae709,RuntimeError('CIM worker failed; inspect D:\\pythonProject\\BP_QAIA_PCP\\results\\cim_tasks\\bpf69b737538474bc4bc1d\\worker.log')
cim_active_20260923_184108,2019-03-13_N8_C2,600.0,cim,bp_active_excluding_cloud_call,1.0538321000058204,363.4603739999948,vehicle,2019-03-13_N8_C2_cim_s2.json,2,error,0,,64.0,,64,,58,62,64,0.006931399999302812,4,complete,,0,,,,364.51420730000245,0.00605119999818271,0.012981200001377147,0.05046250000305008,0.0,0.9730328000077861,1,,1,0.0,cim,1,0,0,0,364.41459269999905,0.9542187000042759,,368ba55f3207fb114457881ca4a31587fe1f1603cec146453844dccfb30ae709,RuntimeError('CIM worker failed; inspect D:\\pythonProject\\BP_QAIA_PCP\\results\\cim_tasks\\bpd7e789d7963041e68dbb\\worker.log')
cim_active_20260923_184108,2019-03-13_N8_C2,600.0,qaia_tuned,bp_active_excluding_cloud_call,73.34366269999737,0.0,vehicle,2019-03-13_N8_C2_qaia_tuned_s2.json,2,optimal,1,64.0,64.0,0.0,64.0,0.0,58,62,64,0.006409900001017377,4,complete,validated_incumbent_matches_global_bound,7,0.0,0.37915780000184895,73.20088389999728,73.34366420000151,0.005652500003634486,0.049073900001531,25.170627000072272,25.907132499982254,17.41272190046584,1092,64.0,9,0.013162000002921559,qaia,,,,,,,6154abdfa6b91c1947cb9391b1dc68e6b28f10b043df5e76705b7d6d865f7f12,368ba55f3207fb114457881ca4a31587fe1f1603cec146453844dccfb30ae709,
cim_active_20260923_184108,2019-03-13_N12_C3,600.0,compact,bp_active_excluding_cloud_call,0.06447509999998147,0.0,vehicle,2019-03-13_N12_C3_compact.json,0,optimal,1,65.0,65.0,0.0,,,,,,,,,,,0.0,0.013939399999799207,0.047858300000370946,0.06447679999837419,,,,,,,,,,,,,,,,,,368ba55f3207fb114457881ca4a31587fe1f1603cec146453844dccfb30ae709,
cim_active_20260923_184108,2019-03-13_N12_C3,600.0,cim,bp_active_excluding_cloud_call,48.59291780000058,242.93408099999942,vehicle,2019-03-13_N12_C3_cim_s0.json,0,optimal,1,65.0,65.0,0.0,65.0,0.0,58,64,65,0.007818700003554113,4,complete,validated_incumbent_matches_global_bound,1,0.0,2.057939799997257,48.474799800002074,291.52700039999763,0.018301999996765517,0.010618399996019434,15.126208000023325,18.384232199925464,13.19471609996981,294,65.0,8,0.012619699999049772,cim,1,1,0,0,244.56640850000258,1.6323275000031572,,368ba55f3207fb114457881ca4a31587fe1f1603cec146453844dccfb30ae709,
cim_active_20260923_184108,2019-03-13_N12_C3,600.0,qaia_tuned,bp_active_excluding_cloud_call,49.96711480000522,0.0,vehicle,2019-03-13_N12_C3_qaia_tuned_s0.json,0,optimal,1,65.0,65.0,0.0,65.0,0.0,58,64,65,0.00848519999999553,4,complete,validated_incumbent_matches_global_bound,10,0.0,0.5986788000009255,49.85657070000161,49.967115899999044,0.052907600002072286,0.010718799996539019,14.749117600018508,18.638211300050898,14.304844599973876,319,65.0,12,0.011070099993958138,qaia,,,,,,,6154abdfa6b91c1947cb9391b1dc68e6b28f10b043df5e76705b7d6d865f7f12,368ba55f3207fb114457881ca4a31587fe1f1603cec146453844dccfb30ae709,
cim_active_20260923_184108,2019-03-13_N12_C3,600.0,exact,bp_active_excluding_cloud_call,77.22250809999969,0.0,vehicle,2019-03-13_N12_C3_exact_r0.json,0,optimal,1,65.0,65.0,0.0,65.0,0.0,58,64,65,0.007937399997899774,4,complete,validated_incumbent_matches_global_bound,,0.0,0.5095551999984309,77.0470084999979,77.22250979999808,0.018169899994973093,0.0104356999945594,24.223165400013386,30.514779299948714,19.039049600098224,515,65.0,9,0.017426300000806805,,,,,,,,,368ba55f3207fb114457881ca4a31587fe1f1603cec146453844dccfb30ae709,
cim_active_20260923_184108,2019-03-13_N12_C3,600.0,qaia_tuned,bp_active_excluding_cloud_call,43.06076049999683,0.0,vehicle,2019-03-13_N12_C3_qaia_tuned_s1.json,1,optimal,1,65.0,65.0,0.0,65.0,0.0,58,64,65,0.008120300000882708,4,complete,validated_incumbent_matches_global_bound,10,0.0,0.465653300001577,42.956788899995445,43.06076239999675,0.05219260000012582,0.010462199999892619,13.138776699983282,17.752459399991494,10.67048330004036,224,65.0,12,0.012222199999087024,qaia,,,,,,,6154abdfa6b91c1947cb9391b1dc68e6b28f10b043df5e76705b7d6d865f7f12,368ba55f3207fb114457881ca4a31587fe1f1603cec146453844dccfb30ae709,
cim_active_20260923_184108,2019-03-13_N12_C3,600.0,cim,bp_active_excluding_cloud_call,402.5160579000003,182.55192359999637,vehicle,2019-03-13_N12_C3_cim_s1.json,1,optimal,1,65.0,65.0,0.0,65.0,0.0,58,64,65,0.008071600001130719,4,complete,validated_incumbent_matches_global_bound,3,0.0,1.9678882000007434,401.7171699000028,585.0679832000023,0.021723500001826324,0.011111700005130842,127.16240860000107,140.01581300012185,112.85369730038656,3322,65.0,8,0.011346400002366863,cim,1,1,0,0,184.15713250000408,1.6052089000077103,,368ba55f3207fb114457881ca4a31587fe1f1603cec146453844dccfb30ae709,
cim_active_20260923_184108,2019-03-13_N12_C3,600.0,cim,bp_active_excluding_cloud_call,91.35053940000944,182.5958707999962,vehicle,2019-03-13_N12_C3_cim_s2.json,2,optimal,1,65.0,65.0,0.0,65.0,0.0,58,64,65,0.008214900000893977,4,complete,validated_incumbent_matches_global_bound,3,0.0,2.0260817000089446,91.11677290000807,273.94641240000055,0.018309500002942514,0.011021799997251946,27.465115999955742,38.87161580003885,21.230915699910838,561,65.0,8,0.01295179999578977,cim,1,1,0,0,184.2701556000029,1.674284800006717,,368ba55f3207fb114457881ca4a31587fe1f1603cec146453844dccfb30ae709,
cim_active_20260923_184108,2019-03-13_N12_C3,600.0,qaia_tuned,bp_active_excluding_cloud_call,43.03767650000373,0.0,vehicle,2019-03-13_N12_C3_qaia_tuned_s2.json,2,optimal,1,65.0,65.0,0.0,65.0,0.0,58,64,65,0.008476000002701767,4,complete,validated_incumbent_matches_global_bound,10,0.0,0.47482870000385446,42.935253299998294,43.03767810000136,0.052107299998169765,0.010601499998301733,13.34552619997703,17.57506340000691,10.636193200087291,224,65.0,12,0.012157699995441362,qaia,,,,,,,6154abdfa6b91c1947cb9391b1dc68e6b28f10b043df5e76705b7d6d865f7f12,368ba55f3207fb114457881ca4a31587fe1f1603cec146453844dccfb30ae709,
cim_active_20260923_184108,2019-03-13_N16_C4,600.0,compact,bp_active_excluding_cloud_call,0.1992796000049566,0.0,vehicle,2019-03-13_N16_C4_compact.json,0,optimal,1,63.0,63.0,0.0,,,,,,,,,,,0.0,0.02046870000049239,0.1952272000053199,0.19928130000334932,,,,,,,,,,,,,,,,,,368ba55f3207fb114457881ca4a31587fe1f1603cec146453844dccfb30ae709,
cim_active_20260923_184108,2019-03-13_N16_C4,600.0,cim,bp_active_excluding_cloud_call,8.166132699996524,5.003917900001397,vehicle,2019-03-13_N16_C4_cim_s0.json,0,error,0,,63.0,,63,,58,63,63,0.01059450000320794,5,complete,,0,,,,13.170051699999021,0.03211649999866495,0.01993909999873722,0.21446709999872837,0.0,7.879286700001103,1,,1,0.0,cim,1,0,0,0,12.814639000003808,7.810721100002411,,368ba55f3207fb114457881ca4a31587fe1f1603cec146453844dccfb30ae709,RuntimeError('CIM worker failed; inspect D:\\pythonProject\\BP_QAIA_PCP\\results\\cim_tasks\\bp5c21d2dc1d5f4b23af97\\worker.log')
cim_active_20260923_184108,2019-03-13_N16_C4,600.0,qaia_tuned,bp_active_excluding_cloud_call,600.0836235000024,0.0,vehicle,2019-03-13_N16_C4_qaia_tuned_s0.json,0,time_limit,1,65.0,63.0,3.1746031746031744,63,3.076923076923077,58,63,63,0.01185109999642009,5,complete,,9,3.076923076923077,1.4669434000024921,192.31511840000167,600.0836246000035,0.06385459999728482,0.0200159000014537,191.05454670007748,283.3616369000447,108.81202809996466,2300,63.0,12,0.040432700006931555,qaia,,,,,,,6154abdfa6b91c1947cb9391b1dc68e6b28f10b043df5e76705b7d6d865f7f12,368ba55f3207fb114457881ca4a31587fe1f1603cec146453844dccfb30ae709,After branch construction: global time budget exhausted
cim_active_20260923_184108,2019-03-13_N16_C4,600.0,exact,bp_active_excluding_cloud_call,600.1041764999973,0.0,vehicle,2019-03-13_N16_C4_exact_r0.json,0,time_limit,1,65.0,63.0,3.1746031746031744,63,3.076923076923077,58,63,63,0.010728700013714842,5,complete,,,3.076923076923077,0.6080473000038182,388.4180277999985,600.1041778999934,0.030254099998273887,0.019833099999232218,188.90996939975594,283.0569499000121,113.06915319969994,1935,63.0,9,0.034822000001440756,,,,,,,,,368ba55f3207fb114457881ca4a31587fe1f1603cec146453844dccfb30ae709,After branch construction: global time budget exhausted
cim_active_20260923_184108,2019-03-13_N16_C4,600.0,qaia_tuned,bp_active_excluding_cloud_call,600.0381273999956,0.0,vehicle,2019-03-13_N16_C4_qaia_tuned_s1.json,1,time_limit,1,65.0,63.0,3.1746031746031744,63,3.076923076923077,58,63,63,0.011209500007680617,5,complete,,9,3.076923076923077,1.499677800005884,191.660864400008,600.0381284999894,0.07381879999593366,0.019902000000001863,192.35607060028997,281.6792675003235,109.0143285006925,2310,63.0,12,0.04122020000068005,qaia,,,,,,,6154abdfa6b91c1947cb9391b1dc68e6b28f10b043df5e76705b7d6d865f7f12,368ba55f3207fb114457881ca4a31587fe1f1603cec146453844dccfb30ae709,After pricing construction: global time budget exhausted
cim_active_20260923_184108,2019-03-13_N16_C4,600.0,cim,bp_active_excluding_cloud_call,8.196906899989699,4.9638794000056805,vehicle,2019-03-13_N16_C4_cim_s1.json,1,error,0,,63.0,,63,,58,63,63,0.010869199992157519,5,complete,,0,,,,13.160787600005278,0.03197389999695588,0.02259960000810679,0.21395360000315122,0.0,7.8959131999872625,1,,1,0.0,cim,1,0,0,0,12.797200600005453,7.833321199999773,,368ba55f3207fb114457881ca4a31587fe1f1603cec146453844dccfb30ae709,RuntimeError('CIM worker failed; inspect D:\\pythonProject\\BP_QAIA_PCP\\results\\cim_tasks\\bp3df998a0cb944dc4abfe\\worker.log')
cim_active_20260923_184108,2019-03-13_N16_C4,600.0,cim,bp_active_excluding_cloud_call,7.408270099986112,5.0441980000032345,vehicle,2019-03-13_N16_C4_cim_s2.json,2,error,0,,63.0,,63,,58,63,63,0.011198300009709783,5,complete,,0,,,,12.452469399999245,0.03267729999788571,0.022077000001445413,0.21005270000023302,0.0,7.122489999994286,1,,1,0.0,cim,1,0,0,0,12.104290100003709,7.060092100000475,,368ba55f3207fb114457881ca4a31587fe1f1603cec146453844dccfb30ae709,RuntimeError('CIM worker failed; inspect D:\\pythonProject\\BP_QAIA_PCP\\results\\cim_tasks\\bp1508640255434b5cb2ce\\worker.log')
cim_active_20260923_184108,2019-03-13_N16_C4,600.0,qaia_tuned,bp_active_excluding_cloud_call,600.0065289000049,0.0,vehicle,2019-03-13_N16_C4_qaia_tuned_s2.json,2,time_limit,1,65.0,63.0,3.1746031746031744,63,3.076923076923077,58,63,63,0.012388699993607588,5,complete,,9,3.076923076923077,1.513507399999071,193.18110310001066,600.0065302000003,0.06786160000774544,0.020215399999869987,193.05897520080907,281.762658599735,108.34632040078577,2288,63.0,12,0.04122739999729674,qaia,,,,,,,6154abdfa6b91c1947cb9391b1dc68e6b28f10b043df5e76705b7d6d865f7f12,368ba55f3207fb114457881ca4a31587fe1f1603cec146453844dccfb30ae709,After pricing construction: global time budget exhausted
cim_active_20260923_184108,2019-03-13_N20_C5,600.0,compact,bp_active_excluding_cloud_call,0.2612809999991441,0.0,vehicle,2019-03-13_N20_C5_compact.json,0,optimal,1,61.0,61.0,0.0,,,,,,,,,,,0.0,0.027481199998874217,0.2550541999953566,0.26128269999753684,,,,,,,,,,,,,,,,,,368ba55f3207fb114457881ca4a31587fe1f1603cec146453844dccfb30ae709,
cim_active_20260923_184108,2019-03-13_N20_C5,600.0,cim,bp_active_excluding_cloud_call,603.013993799992,245.95332650000637,vehicle,2019-03-13_N20_C5_cim_s0.json,0,time_limit,1,68.0,61.0,11.475409836065573,61,10.294117647058824,58,61,61,0.012724599990178831,5,complete,,3,10.294117647058824,21.641010799983633,473.4967640999821,848.9673215999937,0.04456409999693278,0.049437600013334304,184.0710358995275,295.6925036000466,109.57390760020644,1402,61.0,11,0.14518750000570435,cim,1,1,0,0,264.5388336999895,18.585507199983113,,368ba55f3207fb114457881ca4a31587fe1f1603cec146453844dccfb30ae709,After branch construction: global time budget exhausted
cim_active_20260923_184108,2019-03-13_N20_C5,600.0,qaia_tuned,bp_active_excluding_cloud_call,600.6835722999967,0.0,vehicle,2019-03-13_N20_C5_qaia_tuned_s0.json,0,time_limit,1,67.0,61.0,9.836065573770492,61,8.955223880597014,58,61,61,0.011827199996332638,5,complete,,11,8.955223880597014,2.945168399994145,257.1941294999997,600.6835735000059,0.07844990000012331,0.07663399999728426,200.34280589998525,295.62951150001027,91.48173700037296,1280,61.0,15,0.1405291999981273,qaia,,,,,,,6154abdfa6b91c1947cb9391b1dc68e6b28f10b043df5e76705b7d6d865f7f12,368ba55f3207fb114457881ca4a31587fe1f1603cec146453844dccfb30ae709,After branch construction: global time budget exhausted
cim_active_20260923_184108,2019-03-13_N20_C5,600.0,exact,bp_active_excluding_cloud_call,600.1227253999969,0.0,vehicle,2019-03-13_N20_C5_exact_r0.json,0,time_limit,1,70.0,61.0,14.754098360655737,61,12.857142857142858,58,61,61,0.011755400002584793,5,complete,,,12.857142857142858,2.23736280000594,55.498054600000614,600.1227268000075,0.04621149999729823,0.045242799998959526,194.5356257003732,313.5020991998899,80.70548189974215,1114,61.0,11,0.14570199999434408,,,,,,,,,368ba55f3207fb114457881ca4a31587fe1f1603cec146453844dccfb30ae709,After branch construction: global time budget exhausted
cim_active_20260923_184108,2019-03-13_N20_C5,600.0,qaia_tuned,bp_active_excluding_cloud_call,600.005356499998,0.0,vehicle,2019-03-13_N20_C5_qaia_tuned_s1.json,1,time_limit,1,67.0,61.0,9.836065573770492,61,8.955223880597014,58,61,61,0.012206700004753657,5,complete,,11,8.955223880597014,2.9246418999973685,255.93546549999155,600.0053577000072,0.07952069999009836,0.0754560999921523,198.89056660006463,297.18398810001963,90.86534649970417,1282,61.0,15,0.14570710000407416,qaia,,,,,,,6154abdfa6b91c1947cb9391b1dc68e6b28f10b043df5e76705b7d6d865f7f12,368ba55f3207fb114457881ca4a31587fe1f1603cec146453844dccfb30ae709,After branch construction: global time budget exhausted
cim_active_20260923_184108,2019-03-13_N20_C5,600.0,cim,bp_active_excluding_cloud_call,600.0031100999913,125.33866490000219,vehicle,2019-03-13_N20_C5_cim_s1.json,1,time_limit,1,67.0,61.0,9.836065573770492,61,8.955223880597014,58,61,61,0.013115299996570684,5,complete,,3,8.955223880597014,20.739775800000643,463.97478049999336,725.3417760000011,0.044356900005368516,0.049402000004192814,184.5849342000147,292.1285185995803,109.85192270060361,1407,61.0,11,0.15978349999932107,cim,1,1,0,0,143.1802725000016,17.841607599999406,,368ba55f3207fb114457881ca4a31587fe1f1603cec146453844dccfb30ae709,After branch construction: global time budget exhausted
cim_active_20260923_184108,2019-03-13_N20_C5,600.0,cim,bp_active_excluding_cloud_call,600.0679933999927,125.48931299999822,vehicle,2019-03-13_N20_C5_cim_s2.json,2,time_limit,1,69.0,61.0,13.114754098360656,61,11.594202898550725,58,61,61,0.012246700003743172,5,complete,,3,11.594202898550725,20.120013299994753,597.8050137999962,725.5573073999985,0.04390910000074655,0.042604199989000335,182.72150680034247,308.1559757000796,98.02232090002508,1057,61.0,10,0.20286740000301506,cim,1,1,0,0,143.1553139000025,17.666000900004292,,368ba55f3207fb114457881ca4a31587fe1f1603cec146453844dccfb30ae709,After pricing construction: global time budget exhausted
cim_active_20260923_184108,2019-03-13_N20_C5,600.0,qaia_tuned,bp_active_excluding_cloud_call,600.113770099997,0.0,vehicle,2019-03-13_N20_C5_qaia_tuned_s2.json,2,time_limit,1,66.0,61.0,8.19672131147541,61,7.575757575757576,58,61,61,0.011956999995163642,5,complete,,13,7.575757575757576,3.1941966000013053,467.4567854999914,600.1137713000062,0.08298300000024028,0.08098630000313278,179.06745810006396,295.11865010036854,110.5757826003537,1481,61.0,17,0.1332652999990387,qaia,,,,,,,6154abdfa6b91c1947cb9391b1dc68e6b28f10b043df5e76705b7d6d865f7f12,368ba55f3207fb114457881ca4a31587fe1f1603cec146453844dccfb30ae709,After branch construction: global time budget exhausted
