batch,instance,budget,method,timing_basis,completion_rows,runs,feasible,feasible_rate,errors,optimal,median_all,median_conditional,median_bp_gap_percent,median_reference_gap_percent,median_first_feasible_conditional,reference_optimum
cim_active_20260923_184108,2019-03-11_N8_C2,600.0,compact,bp_active_excluding_cloud_call,vehicle,1,1,1.0,0,1,66.0,66.0,,0.0,0.010438100001920247,66.0
cim_active_20260923_184108,2019-03-11_N8_C2,600.0,cim,bp_active_excluding_cloud_call,vehicle,3,3,1.0,0,2,66.0,66.0,0.0,0.0,1.5400985999949626,66.0
cim_active_20260923_184108,2019-03-11_N8_C2,600.0,qaia_tuned,bp_active_excluding_cloud_call,vehicle,3,3,1.0,0,3,66.0,66.0,0.0,0.0,0.24134329999651527,66.0
cim_active_20260923_184108,2019-03-11_N8_C2,600.0,exact,bp_active_excluding_cloud_call,vehicle,1,1,1.0,0,1,66.0,66.0,0.0,0.0,0.17441400000097929,66.0
cim_active_20260923_184108,2019-03-11_N12_C3,600.0,compact,bp_active_excluding_cloud_call,vehicle,1,1,1.0,0,1,61.0,61.0,,0.0,0.014475199997832533,61.0
cim_active_20260923_184108,2019-03-11_N12_C3,600.0,cim,bp_active_excluding_cloud_call,vehicle,3,3,1.0,0,0,64.0,64.0,4.6875,4.6875,2.8945326000030036,61.0
cim_active_20260923_184108,2019-03-11_N12_C3,600.0,qaia_tuned,bp_active_excluding_cloud_call,vehicle,3,3,1.0,0,0,63.0,63.0,3.1746031746031744,3.1746031746031744,0.7382218999991892,61.0
cim_active_20260923_184108,2019-03-11_N12_C3,600.0,exact,bp_active_excluding_cloud_call,vehicle,1,1,1.0,0,1,61.0,61.0,0.0,0.0,0.5209247000020696,61.0
cim_active_20260923_184108,2019-03-11_N16_C4,600.0,compact,bp_active_excluding_cloud_call,vehicle,1,1,1.0,0,1,62.0,62.0,,0.0,0.020262899997760542,62.0
cim_active_20260923_184108,2019-03-11_N16_C4,600.0,cim,bp_active_excluding_cloud_call,vehicle,3,3,1.0,0,0,65.0,65.0,4.615384615384615,4.615384615384615,8.593428999993193,62.0
cim_active_20260923_184108,2019-03-11_N16_C4,600.0,qaia_tuned,bp_active_excluding_cloud_call,vehicle,3,3,1.0,0,0,65.0,65.0,4.615384615384615,4.615384615384615,2.144328399997903,62.0
cim_active_20260923_184108,2019-03-11_N16_C4,600.0,exact,bp_active_excluding_cloud_call,vehicle,1,1,1.0,0,0,63.0,63.0,1.5873015873015872,1.5873015873015872,1.1798371999975643,62.0
cim_active_20260923_184108,2019-03-11_N20_C5,600.0,compact,bp_active_excluding_cloud_call,vehicle,1,1,1.0,0,1,62.0,62.0,,0.0,0.029300599999260157,62.0
cim_active_20260923_184108,2019-03-11_N20_C5,600.0,cim,bp_active_excluding_cloud_call,vehicle,3,3,1.0,0,0,68.0,68.0,8.823529411764707,8.823529411764707,21.32834610000282,62.0
cim_active_20260923_184108,2019-03-11_N20_C5,600.0,qaia_tuned,bp_active_excluding_cloud_call,vehicle,3,3,1.0,0,0,68.0,68.0,8.823529411764707,8.823529411764707,1.2213466000030166,62.0
cim_active_20260923_184108,2019-03-11_N20_C5,600.0,exact,bp_active_excluding_cloud_call,vehicle,1,1,1.0,0,0,68.0,68.0,8.823529411764707,8.823529411764707,2.330648700000893,62.0
cim_active_20260923_184108,2019-03-12_N8_C2,600.0,compact,bp_active_excluding_cloud_call,vehicle,1,1,1.0,0,1,68.0,68.0,,0.0,0.027418600002420135,68.0
cim_active_20260923_184108,2019-03-12_N8_C2,600.0,cim,bp_active_excluding_cloud_call,vehicle,3,0,0.0,3,0,,,,,,68.0
cim_active_20260923_184108,2019-03-12_N8_C2,600.0,qaia_tuned,bp_active_excluding_cloud_call,vehicle,3,3,1.0,0,3,68.0,68.0,0.0,0.0,0.46612350000214064,68.0
cim_active_20260923_184108,2019-03-12_N8_C2,600.0,exact,bp_active_excluding_cloud_call,vehicle,1,1,1.0,0,1,68.0,68.0,0.0,0.0,0.18898469999840017,68.0
cim_active_20260923_184108,2019-03-12_N12_C3,600.0,compact,bp_active_excluding_cloud_call,vehicle,1,1,1.0,0,1,64.0,64.0,,0.0,0.016673999998602085,64.0
cim_active_20260923_184108,2019-03-12_N12_C3,600.0,cim,bp_active_excluding_cloud_call,vehicle,3,3,1.0,0,2,64.0,64.0,0.0,0.0,2.822176000001491,64.0
cim_active_20260923_184108,2019-03-12_N12_C3,600.0,qaia_tuned,bp_active_excluding_cloud_call,vehicle,3,3,1.0,0,3,64.0,64.0,0.0,0.0,0.43504329999996116,64.0
cim_active_20260923_184108,2019-03-12_N12_C3,600.0,exact,bp_active_excluding_cloud_call,vehicle,1,1,1.0,0,1,64.0,64.0,0.0,0.0,0.3759393000000273,64.0
cim_active_20260923_184108,2019-03-12_N16_C4,600.0,compact,bp_active_excluding_cloud_call,vehicle,1,1,1.0,0,1,62.0,62.0,,0.0,0.04329390000202693,62.0
cim_active_20260923_184108,2019-03-12_N16_C4,600.0,cim,bp_active_excluding_cloud_call,vehicle,3,3,1.0,0,1,66.0,66.0,6.0606060606060606,6.0606060606060606,8.80029870000726,62.0
cim_active_20260923_184108,2019-03-12_N16_C4,600.0,qaia_tuned,bp_active_excluding_cloud_call,vehicle,3,3,1.0,0,1,63.0,63.0,1.5873015873015872,1.5873015873015872,0.9910043999989284,62.0
cim_active_20260923_184108,2019-03-12_N16_C4,600.0,exact,bp_active_excluding_cloud_call,vehicle,1,1,1.0,0,1,62.0,62.0,0.0,0.0,0.5189676000009058,62.0
cim_active_20260923_184108,2019-03-12_N20_C5,600.0,compact,bp_active_excluding_cloud_call,vehicle,1,1,1.0,0,1,62.0,62.0,,0.0,0.029737099997873884,62.0
cim_active_20260923_184108,2019-03-12_N20_C5,600.0,cim,bp_active_excluding_cloud_call,vehicle,3,3,1.0,0,0,68.0,68.0,8.823529411764707,8.823529411764707,18.607400400003826,62.0
cim_active_20260923_184108,2019-03-12_N20_C5,600.0,qaia_tuned,bp_active_excluding_cloud_call,vehicle,3,3,1.0,0,0,69.0,69.0,10.144927536231885,10.144927536231885,2.577285399995162,62.0
cim_active_20260923_184108,2019-03-12_N20_C5,600.0,exact,bp_active_excluding_cloud_call,vehicle,1,1,1.0,0,0,68.0,68.0,8.823529411764707,8.823529411764707,1.499675599996408,62.0
cim_active_20260923_184108,2019-03-13_N8_C2,600.0,compact,bp_active_excluding_cloud_call,vehicle,1,1,1.0,0,1,64.0,64.0,,0.0,0.010077699997054879,64.0
cim_active_20260923_184108,2019-03-13_N8_C2,600.0,cim,bp_active_excluding_cloud_call,vehicle,3,0,0.0,3,0,,,,,,64.0
cim_active_20260923_184108,2019-03-13_N8_C2,600.0,qaia_tuned,bp_active_excluding_cloud_call,vehicle,3,3,1.0,0,3,64.0,64.0,0.0,0.0,0.37915780000184895,64.0
cim_active_20260923_184108,2019-03-13_N8_C2,600.0,exact,bp_active_excluding_cloud_call,vehicle,1,1,1.0,0,1,64.0,64.0,0.0,0.0,0.21116120000078809,64.0
cim_active_20260923_184108,2019-03-13_N12_C3,600.0,compact,bp_active_excluding_cloud_call,vehicle,1,1,1.0,0,1,65.0,65.0,,0.0,0.013939399999799207,65.0
cim_active_20260923_184108,2019-03-13_N12_C3,600.0,cim,bp_active_excluding_cloud_call,vehicle,3,3,1.0,0,3,65.0,65.0,0.0,0.0,2.0260817000089446,65.0
cim_active_20260923_184108,2019-03-13_N12_C3,600.0,qaia_tuned,bp_active_excluding_cloud_call,vehicle,3,3,1.0,0,3,65.0,65.0,0.0,0.0,0.47482870000385446,65.0
cim_active_20260923_184108,2019-03-13_N12_C3,600.0,exact,bp_active_excluding_cloud_call,vehicle,1,1,1.0,0,1,65.0,65.0,0.0,0.0,0.5095551999984309,65.0
cim_active_20260923_184108,2019-03-13_N16_C4,600.0,compact,bp_active_excluding_cloud_call,vehicle,1,1,1.0,0,1,63.0,63.0,,0.0,0.02046870000049239,63.0
cim_active_20260923_184108,2019-03-13_N16_C4,600.0,cim,bp_active_excluding_cloud_call,vehicle,3,0,0.0,3,0,,,,,,63.0
cim_active_20260923_184108,2019-03-13_N16_C4,600.0,qaia_tuned,bp_active_excluding_cloud_call,vehicle,3,3,1.0,0,0,65.0,65.0,3.076923076923077,3.076923076923077,1.499677800005884,63.0
cim_active_20260923_184108,2019-03-13_N16_C4,600.0,exact,bp_active_excluding_cloud_call,vehicle,1,1,1.0,0,0,65.0,65.0,3.076923076923077,3.076923076923077,0.6080473000038182,63.0
cim_active_20260923_184108,2019-03-13_N20_C5,600.0,compact,bp_active_excluding_cloud_call,vehicle,1,1,1.0,0,1,61.0,61.0,,0.0,0.027481199998874217,61.0
cim_active_20260923_184108,2019-03-13_N20_C5,600.0,cim,bp_active_excluding_cloud_call,vehicle,3,3,1.0,0,0,68.0,68.0,10.294117647058824,10.294117647058824,20.739775800000643,61.0
cim_active_20260923_184108,2019-03-13_N20_C5,600.0,qaia_tuned,bp_active_excluding_cloud_call,vehicle,3,3,1.0,0,0,67.0,67.0,8.955223880597014,8.955223880597014,2.945168399994145,61.0
cim_active_20260923_184108,2019-03-13_N20_C5,600.0,exact,bp_active_excluding_cloud_call,vehicle,1,1,1.0,0,0,70.0,70.0,12.857142857142858,12.857142857142858,2.23736280000594,61.0
