batch,instance,budget,completion_rows,method,result,seed,seconds,objective,source,timing_basis,wall_seconds,cloud_excluded_seconds
cim_active_20260923_184108,2019-03-11_N8_C2,600.0,vehicle,compact,2019-03-11_N8_C2_compact.json,0,0.010438100001920247,78.0,compact_mipsol,bp_active_excluding_cloud_call,0.010440300000482239,0.0
cim_active_20260923_184108,2019-03-11_N8_C2,600.0,vehicle,compact,2019-03-11_N8_C2_compact.json,0,0.03127619999941089,70.0,compact_mipsol,bp_active_excluding_cloud_call,0.03127890000178013,0.0
cim_active_20260923_184108,2019-03-11_N8_C2,600.0,vehicle,compact,2019-03-11_N8_C2_compact.json,0,0.03313930000149412,68.0,compact_mipsol,bp_active_excluding_cloud_call,0.03314150000005611,0.0
cim_active_20260923_184108,2019-03-11_N8_C2,600.0,vehicle,compact,2019-03-11_N8_C2_compact.json,0,0.034241900000779424,67.0,compact_mipsol,bp_active_excluding_cloud_call,0.034243900001456495,0.0
cim_active_20260923_184108,2019-03-11_N8_C2,600.0,vehicle,compact,2019-03-11_N8_C2_compact.json,0,0.044684299999062205,66.0,compact_mipsol,bp_active_excluding_cloud_call,0.044686799999908544,0.0
cim_active_20260923_184108,2019-03-11_N8_C2,600.0,vehicle,cim,2019-03-11_N8_C2_cim_s0.json,0,1.5112756000016816,78.0,rmp_integer,bp_active_excluding_cloud_call,183.70106529999975,182.1897863999984
cim_active_20260923_184108,2019-03-11_N8_C2,600.0,vehicle,cim,2019-03-11_N8_C2_cim_s0.json,0,4.414547700002004,72.0,rmp_integer,bp_active_excluding_cloud_call,186.60433710000143,182.1897863999984
cim_active_20260923_184108,2019-03-11_N8_C2,600.0,vehicle,cim,2019-03-11_N8_C2_cim_s0.json,0,17.174671200002194,71.0,rmp_integer,bp_active_excluding_cloud_call,199.36446140000044,182.1897863999984
cim_active_20260923_184108,2019-03-11_N8_C2,600.0,vehicle,cim,2019-03-11_N8_C2_cim_s0.json,0,25.008165200000803,70.0,rmp_integer,bp_active_excluding_cloud_call,207.197954700001,182.1897863999984
cim_active_20260923_184108,2019-03-11_N8_C2,600.0,vehicle,cim,2019-03-11_N8_C2_cim_s0.json,0,31.579529800001183,68.0,rmp_integer,bp_active_excluding_cloud_call,213.76932020000095,182.1897863999984
cim_active_20260923_184108,2019-03-11_N8_C2,600.0,vehicle,cim,2019-03-11_N8_C2_cim_s0.json,0,31.689411200000905,67.0,rmp_integer,bp_active_excluding_cloud_call,213.8792014999999,182.1897863999984
cim_active_20260923_184108,2019-03-11_N8_C2,600.0,vehicle,qaia_tuned,2019-03-11_N8_C2_qaia_tuned_s0.json,0,0.24134329999651527,70.0,rmp_integer,bp_active_excluding_cloud_call,0.2413453999979538,0.0
cim_active_20260923_184108,2019-03-11_N8_C2,600.0,vehicle,qaia_tuned,2019-03-11_N8_C2_qaia_tuned_s0.json,0,2.3860606999951415,68.0,rmp_integer,bp_active_excluding_cloud_call,2.3860630999988643,0.0
cim_active_20260923_184108,2019-03-11_N8_C2,600.0,vehicle,qaia_tuned,2019-03-11_N8_C2_qaia_tuned_s0.json,0,4.549326499996823,67.0,rmp_integer,bp_active_excluding_cloud_call,4.5493284999975,0.0
cim_active_20260923_184108,2019-03-11_N8_C2,600.0,vehicle,qaia_tuned,2019-03-11_N8_C2_qaia_tuned_s0.json,0,59.021995199997036,66.0,rmp_integer,bp_active_excluding_cloud_call,59.021997399999236,0.0
cim_active_20260923_184108,2019-03-11_N8_C2,600.0,vehicle,exact,2019-03-11_N8_C2_exact_r0.json,0,0.17441400000097929,70.0,rmp_integer,bp_active_excluding_cloud_call,0.1744161000024178,0.0
cim_active_20260923_184108,2019-03-11_N8_C2,600.0,vehicle,exact,2019-03-11_N8_C2_exact_r0.json,0,0.9897173999997904,68.0,rmp_integer,bp_active_excluding_cloud_call,0.989719299999706,0.0
cim_active_20260923_184108,2019-03-11_N8_C2,600.0,vehicle,exact,2019-03-11_N8_C2_exact_r0.json,0,91.94700820000435,67.0,rmp_integer,bp_active_excluding_cloud_call,91.94701010000426,0.0
cim_active_20260923_184108,2019-03-11_N8_C2,600.0,vehicle,exact,2019-03-11_N8_C2_exact_r0.json,0,195.32341880000604,66.0,rmp_integer,bp_active_excluding_cloud_call,195.3234209000002,0.0
cim_active_20260923_184108,2019-03-11_N8_C2,600.0,vehicle,qaia_tuned,2019-03-11_N8_C2_qaia_tuned_s1.json,1,0.24444440000661416,70.0,rmp_integer,bp_active_excluding_cloud_call,0.24444629999925382,0.0
cim_active_20260923_184108,2019-03-11_N8_C2,600.0,vehicle,qaia_tuned,2019-03-11_N8_C2_qaia_tuned_s1.json,1,6.531514000002062,68.0,rmp_integer,bp_active_excluding_cloud_call,6.5315161000035005,0.0
cim_active_20260923_184108,2019-03-11_N8_C2,600.0,vehicle,qaia_tuned,2019-03-11_N8_C2_qaia_tuned_s1.json,1,391.3540424000021,67.0,rmp_integer,bp_active_excluding_cloud_call,391.35404410000046,0.0
cim_active_20260923_184108,2019-03-11_N8_C2,600.0,vehicle,qaia_tuned,2019-03-11_N8_C2_qaia_tuned_s1.json,1,518.0990973000007,66.0,rmp_integer,bp_active_excluding_cloud_call,518.0990990999999,0.0
cim_active_20260923_184108,2019-03-11_N8_C2,600.0,vehicle,cim,2019-03-11_N8_C2_cim_s1.json,1,1.594721199995547,78.0,restricted_mip,bp_active_excluding_cloud_call,244.41863410000224,242.82391060000373
cim_active_20260923_184108,2019-03-11_N8_C2,600.0,vehicle,cim,2019-03-11_N8_C2_cim_s1.json,1,1.6067543999961345,76.0,restricted_mip,bp_active_excluding_cloud_call,244.4306671000013,242.82391060000373
cim_active_20260923_184108,2019-03-11_N8_C2,600.0,vehicle,cim,2019-03-11_N8_C2_cim_s1.json,1,1.6088256999937585,69.0,restricted_mip,bp_active_excluding_cloud_call,244.43273829999816,242.82391060000373
cim_active_20260923_184108,2019-03-11_N8_C2,600.0,vehicle,cim,2019-03-11_N8_C2_cim_s1.json,1,36.63856789999409,68.0,rmp_integer,bp_active_excluding_cloud_call,279.4624804999985,242.82391060000373
cim_active_20260923_184108,2019-03-11_N8_C2,600.0,vehicle,cim,2019-03-11_N8_C2_cim_s1.json,1,126.79128049999417,67.0,rmp_integer,bp_active_excluding_cloud_call,369.6151933000001,242.82391060000373
cim_active_20260923_184108,2019-03-11_N8_C2,600.0,vehicle,cim,2019-03-11_N8_C2_cim_s1.json,1,178.2841763999968,66.0,rmp_integer,bp_active_excluding_cloud_call,421.1080892999962,242.82391060000373
cim_active_20260923_184108,2019-03-11_N8_C2,600.0,vehicle,cim,2019-03-11_N8_C2_cim_s2.json,2,1.5400985999949626,78.0,restricted_mip,bp_active_excluding_cloud_call,606.5761241,605.0360235999979
cim_active_20260923_184108,2019-03-11_N8_C2,600.0,vehicle,cim,2019-03-11_N8_C2_cim_s2.json,2,3.7773604999965755,76.0,rmp_integer,bp_active_excluding_cloud_call,608.8133861000024,605.0360235999979
cim_active_20260923_184108,2019-03-11_N8_C2,600.0,vehicle,cim,2019-03-11_N8_C2_cim_s2.json,2,5.130596399998467,68.0,rmp_integer,bp_active_excluding_cloud_call,610.166622100005,605.0360235999979
cim_active_20260923_184108,2019-03-11_N8_C2,600.0,vehicle,cim,2019-03-11_N8_C2_cim_s2.json,2,10.444374200000311,67.0,rmp_integer,bp_active_excluding_cloud_call,615.4804000000004,605.0360235999979
cim_active_20260923_184108,2019-03-11_N8_C2,600.0,vehicle,cim,2019-03-11_N8_C2_cim_s2.json,2,173.369887199995,66.0,rmp_integer,bp_active_excluding_cloud_call,778.4059128000008,605.0360235999979
cim_active_20260923_184108,2019-03-11_N8_C2,600.0,vehicle,qaia_tuned,2019-03-11_N8_C2_qaia_tuned_s2.json,2,0.2233012999931816,70.0,rmp_integer,bp_active_excluding_cloud_call,0.22330299999885028,0.0
cim_active_20260923_184108,2019-03-11_N8_C2,600.0,vehicle,qaia_tuned,2019-03-11_N8_C2_qaia_tuned_s2.json,2,5.6522469999981695,68.0,rmp_integer,bp_active_excluding_cloud_call,5.652248700003838,0.0
cim_active_20260923_184108,2019-03-11_N8_C2,600.0,vehicle,qaia_tuned,2019-03-11_N8_C2_qaia_tuned_s2.json,2,7.252846999996109,66.0,rmp_integer,bp_active_excluding_cloud_call,7.252848600001016,0.0
cim_active_20260923_184108,2019-03-11_N12_C3,600.0,vehicle,compact,2019-03-11_N12_C3_compact.json,0,0.014475199997832533,76.0,compact_mipsol,bp_active_excluding_cloud_call,0.014477199998509604,0.0
cim_active_20260923_184108,2019-03-11_N12_C3,600.0,vehicle,compact,2019-03-11_N12_C3_compact.json,0,0.050577800000610296,70.0,compact_mipsol,bp_active_excluding_cloud_call,0.05057989999477286,0.0
cim_active_20260923_184108,2019-03-11_N12_C3,600.0,vehicle,compact,2019-03-11_N12_C3_compact.json,0,0.05378960000234656,61.0,compact_mipsol,bp_active_excluding_cloud_call,0.053791499994986225,0.0
cim_active_20260923_184108,2019-03-11_N12_C3,600.0,vehicle,cim,2019-03-11_N12_C3_cim_s0.json,0,2.8945326000030036,75.0,rmp_integer,bp_active_excluding_cloud_call,247.0843784999961,244.1898438999997
cim_active_20260923_184108,2019-03-11_N12_C3,600.0,vehicle,cim,2019-03-11_N12_C3_cim_s0.json,0,3.378720599997905,72.0,restricted_mip,bp_active_excluding_cloud_call,247.56856649999827,244.1898438999997
cim_active_20260923_184108,2019-03-11_N12_C3,600.0,vehicle,cim,2019-03-11_N12_C3_cim_s0.json,0,28.767531400000735,71.0,rmp_integer,bp_active_excluding_cloud_call,272.95737740000186,244.1898438999997
cim_active_20260923_184108,2019-03-11_N12_C3,600.0,vehicle,cim,2019-03-11_N12_C3_cim_s0.json,0,32.43071439999767,70.0,rmp_integer,bp_active_excluding_cloud_call,276.62056049999956,244.1898438999997
cim_active_20260923_184108,2019-03-11_N12_C3,600.0,vehicle,cim,2019-03-11_N12_C3_cim_s0.json,0,34.08177710000018,68.0,rmp_integer,bp_active_excluding_cloud_call,278.2716228999998,244.1898438999997
cim_active_20260923_184108,2019-03-11_N12_C3,600.0,vehicle,cim,2019-03-11_N12_C3_cim_s0.json,0,34.90530179999769,67.0,rmp_integer,bp_active_excluding_cloud_call,279.0951477999988,244.1898438999997
cim_active_20260923_184108,2019-03-11_N12_C3,600.0,vehicle,cim,2019-03-11_N12_C3_cim_s0.json,0,107.49900109999726,66.0,rmp_integer,bp_active_excluding_cloud_call,351.6888470999984,244.1898438999997
cim_active_20260923_184108,2019-03-11_N12_C3,600.0,vehicle,cim,2019-03-11_N12_C3_cim_s0.json,0,108.09457269999984,65.0,rmp_integer,bp_active_excluding_cloud_call,352.2844186000002,244.1898438999997
cim_active_20260923_184108,2019-03-11_N12_C3,600.0,vehicle,cim,2019-03-11_N12_C3_cim_s0.json,0,140.83248959999764,64.0,rmp_integer,bp_active_excluding_cloud_call,385.022335499998,244.1898438999997
cim_active_20260923_184108,2019-03-11_N12_C3,600.0,vehicle,qaia_tuned,2019-03-11_N12_C3_qaia_tuned_s0.json,0,0.48985150000225985,69.0,rmp_integer,bp_active_excluding_cloud_call,0.4898536000036984,0.0
cim_active_20260923_184108,2019-03-11_N12_C3,600.0,vehicle,qaia_tuned,2019-03-11_N12_C3_qaia_tuned_s0.json,0,10.613945999997668,67.0,rmp_integer,bp_active_excluding_cloud_call,10.61394840000139,0.0
cim_active_20260923_184108,2019-03-11_N12_C3,600.0,vehicle,qaia_tuned,2019-03-11_N12_C3_qaia_tuned_s0.json,0,75.94313060000422,65.0,rmp_integer,bp_active_excluding_cloud_call,75.94313269999839,0.0
cim_active_20260923_184108,2019-03-11_N12_C3,600.0,vehicle,qaia_tuned,2019-03-11_N12_C3_qaia_tuned_s0.json,0,105.1255364000026,64.0,rmp_integer,bp_active_excluding_cloud_call,105.12553859999753,0.0
cim_active_20260923_184108,2019-03-11_N12_C3,600.0,vehicle,exact,2019-03-11_N12_C3_exact_r0.json,0,0.5209247000020696,75.0,restricted_mip,bp_active_excluding_cloud_call,0.5209266000019852,0.0
cim_active_20260923_184108,2019-03-11_N12_C3,600.0,vehicle,exact,2019-03-11_N12_C3_exact_r0.json,0,6.751858399999037,74.0,rmp_integer,bp_active_excluding_cloud_call,6.7518602999989525,0.0
cim_active_20260923_184108,2019-03-11_N12_C3,600.0,vehicle,exact,2019-03-11_N12_C3_exact_r0.json,0,8.513309499998286,68.0,rmp_integer,bp_active_excluding_cloud_call,8.51331129999744,0.0
cim_active_20260923_184108,2019-03-11_N12_C3,600.0,vehicle,exact,2019-03-11_N12_C3_exact_r0.json,0,31.935467499999504,64.0,rmp_integer,bp_active_excluding_cloud_call,31.93546950000018,0.0
cim_active_20260923_184108,2019-03-11_N12_C3,600.0,vehicle,exact,2019-03-11_N12_C3_exact_r0.json,0,91.50143260000186,63.0,rmp_integer,bp_active_excluding_cloud_call,91.5014347000033,0.0
cim_active_20260923_184108,2019-03-11_N12_C3,600.0,vehicle,exact,2019-03-11_N12_C3_exact_r0.json,0,168.10895320000418,62.0,rmp_integer,bp_active_excluding_cloud_call,168.10895519999758,0.0
cim_active_20260923_184108,2019-03-11_N12_C3,600.0,vehicle,exact,2019-03-11_N12_C3_exact_r0.json,0,361.7321426999988,61.0,rmp_integer,bp_active_excluding_cloud_call,361.73214480000024,0.0
cim_active_20260923_184108,2019-03-11_N12_C3,600.0,vehicle,qaia_tuned,2019-03-11_N12_C3_qaia_tuned_s1.json,1,0.7382218999991892,76.0,restricted_mip,bp_active_excluding_cloud_call,0.7382240000006277,0.0
cim_active_20260923_184108,2019-03-11_N12_C3,600.0,vehicle,qaia_tuned,2019-03-11_N12_C3_qaia_tuned_s1.json,1,9.48314609999943,75.0,rmp_integer,bp_active_excluding_cloud_call,9.483148100000108,0.0
cim_active_20260923_184108,2019-03-11_N12_C3,600.0,vehicle,qaia_tuned,2019-03-11_N12_C3_qaia_tuned_s1.json,1,13.851111299998593,69.0,rmp_integer,bp_active_excluding_cloud_call,13.851113400000031,0.0
cim_active_20260923_184108,2019-03-11_N12_C3,600.0,vehicle,qaia_tuned,2019-03-11_N12_C3_qaia_tuned_s1.json,1,44.326847499993164,65.0,rmp_integer,bp_active_excluding_cloud_call,44.32684960000188,0.0
cim_active_20260923_184108,2019-03-11_N12_C3,600.0,vehicle,qaia_tuned,2019-03-11_N12_C3_qaia_tuned_s1.json,1,132.05120879999595,64.0,rmp_integer,bp_active_excluding_cloud_call,132.0512108000039,0.0
cim_active_20260923_184108,2019-03-11_N12_C3,600.0,vehicle,qaia_tuned,2019-03-11_N12_C3_qaia_tuned_s1.json,1,148.73323609999352,63.0,rmp_integer,bp_active_excluding_cloud_call,148.733238300003,0.0
cim_active_20260923_184108,2019-03-11_N12_C3,600.0,vehicle,cim,2019-03-11_N12_C3_cim_s1.json,1,2.814642899989849,74.0,rmp_integer,bp_active_excluding_cloud_call,247.39593359999708,244.58128850000503
cim_active_20260923_184108,2019-03-11_N12_C3,600.0,vehicle,cim,2019-03-11_N12_C3_cim_s1.json,1,3.2285527999920305,72.0,restricted_mip,bp_active_excluding_cloud_call,247.80984319999698,244.58128850000503
cim_active_20260923_184108,2019-03-11_N12_C3,600.0,vehicle,cim,2019-03-11_N12_C3_cim_s1.json,1,19.484971599995333,71.0,rmp_integer,bp_active_excluding_cloud_call,264.06626239999605,244.58128850000503
cim_active_20260923_184108,2019-03-11_N12_C3,600.0,vehicle,cim,2019-03-11_N12_C3_cim_s1.json,1,29.857765699991432,70.0,rmp_integer,bp_active_excluding_cloud_call,274.4390562999979,244.58128850000503
cim_active_20260923_184108,2019-03-11_N12_C3,600.0,vehicle,cim,2019-03-11_N12_C3_cim_s1.json,1,30.14017019999301,67.0,rmp_integer,bp_active_excluding_cloud_call,274.7214606999987,244.58128850000503
cim_active_20260923_184108,2019-03-11_N12_C3,600.0,vehicle,cim,2019-03-11_N12_C3_cim_s1.json,1,64.24246049999056,64.0,rmp_integer,bp_active_excluding_cloud_call,308.8237516999943,244.58128850000503
cim_active_20260923_184108,2019-03-11_N12_C3,600.0,vehicle,cim,2019-03-11_N12_C3_cim_s1.json,1,134.98427449999144,63.0,rmp_integer,bp_active_excluding_cloud_call,379.5655650999979,244.58128850000503
cim_active_20260923_184108,2019-03-11_N12_C3,600.0,vehicle,cim,2019-03-11_N12_C3_cim_s1.json,1,245.21578309999313,62.0,rmp_integer,bp_active_excluding_cloud_call,489.7970736999996,244.58128850000503
cim_active_20260923_184108,2019-03-11_N12_C3,600.0,vehicle,cim,2019-03-11_N12_C3_cim_s2.json,2,3.0901151999933063,75.0,rmp_integer,bp_active_excluding_cloud_call,186.93456870000227,183.8444512999995
cim_active_20260923_184108,2019-03-11_N12_C3,600.0,vehicle,cim,2019-03-11_N12_C3_cim_s2.json,2,3.57219189999887,72.0,restricted_mip,bp_active_excluding_cloud_call,187.41664520000631,183.8444512999995
cim_active_20260923_184108,2019-03-11_N12_C3,600.0,vehicle,cim,2019-03-11_N12_C3_cim_s2.json,2,28.99947269999393,71.0,rmp_integer,bp_active_excluding_cloud_call,212.84392610000214,183.8444512999995
cim_active_20260923_184108,2019-03-11_N12_C3,600.0,vehicle,cim,2019-03-11_N12_C3_cim_s2.json,2,32.66842949999409,70.0,rmp_integer,bp_active_excluding_cloud_call,216.5128829000023,183.8444512999995
cim_active_20260923_184108,2019-03-11_N12_C3,600.0,vehicle,cim,2019-03-11_N12_C3_cim_s2.json,2,34.31498489999649,68.0,rmp_integer,bp_active_excluding_cloud_call,218.15943820000393,183.8444512999995
cim_active_20260923_184108,2019-03-11_N12_C3,600.0,vehicle,cim,2019-03-11_N12_C3_cim_s2.json,2,35.14021619999403,67.0,rmp_integer,bp_active_excluding_cloud_call,218.98466960000223,183.8444512999995
cim_active_20260923_184108,2019-03-11_N12_C3,600.0,vehicle,cim,2019-03-11_N12_C3_cim_s2.json,2,107.67558329999883,66.0,rmp_integer,bp_active_excluding_cloud_call,291.5200368000005,183.8444512999995
cim_active_20260923_184108,2019-03-11_N12_C3,600.0,vehicle,cim,2019-03-11_N12_C3_cim_s2.json,2,108.25979819999338,65.0,rmp_integer,bp_active_excluding_cloud_call,292.1042515000008,183.8444512999995
cim_active_20260923_184108,2019-03-11_N12_C3,600.0,vehicle,cim,2019-03-11_N12_C3_cim_s2.json,2,140.96042169999419,64.0,rmp_integer,bp_active_excluding_cloud_call,324.80487500000163,183.8444512999995
cim_active_20260923_184108,2019-03-11_N12_C3,600.0,vehicle,qaia_tuned,2019-03-11_N12_C3_qaia_tuned_s2.json,2,0.762353099999018,75.0,restricted_mip,bp_active_excluding_cloud_call,0.7623550999996951,0.0
cim_active_20260923_184108,2019-03-11_N12_C3,600.0,vehicle,qaia_tuned,2019-03-11_N12_C3_qaia_tuned_s2.json,2,21.156895899999654,70.0,rmp_integer,bp_active_excluding_cloud_call,21.156897699998808,0.0
cim_active_20260923_184108,2019-03-11_N12_C3,600.0,vehicle,qaia_tuned,2019-03-11_N12_C3_qaia_tuned_s2.json,2,31.873968899999454,67.0,rmp_integer,bp_active_excluding_cloud_call,31.873970599997847,0.0
cim_active_20260923_184108,2019-03-11_N12_C3,600.0,vehicle,qaia_tuned,2019-03-11_N12_C3_qaia_tuned_s2.json,2,31.928519500004768,64.0,rmp_integer,bp_active_excluding_cloud_call,31.92852120000316,0.0
cim_active_20260923_184108,2019-03-11_N12_C3,600.0,vehicle,qaia_tuned,2019-03-11_N12_C3_qaia_tuned_s2.json,2,581.6148950999996,62.0,rmp_integer,bp_active_excluding_cloud_call,581.6148968999987,0.0
cim_active_20260923_184108,2019-03-11_N16_C4,600.0,vehicle,compact,2019-03-11_N16_C4_compact.json,0,0.020262899997760542,71.0,compact_mipsol,bp_active_excluding_cloud_call,0.020264999999199063,0.0
cim_active_20260923_184108,2019-03-11_N16_C4,600.0,vehicle,compact,2019-03-11_N16_C4_compact.json,0,0.08092809999652673,66.0,compact_mipsol,bp_active_excluding_cloud_call,0.08093010000447975,0.0
cim_active_20260923_184108,2019-03-11_N16_C4,600.0,vehicle,compact,2019-03-11_N16_C4_compact.json,0,0.08448229999339674,64.0,compact_mipsol,bp_active_excluding_cloud_call,0.08448430000134977,0.0
cim_active_20260923_184108,2019-03-11_N16_C4,600.0,vehicle,compact,2019-03-11_N16_C4_compact.json,0,0.08624439999402966,63.0,compact_mipsol,bp_active_excluding_cloud_call,0.08624630000122124,0.0
cim_active_20260923_184108,2019-03-11_N16_C4,600.0,vehicle,compact,2019-03-11_N16_C4_compact.json,0,0.2348058999996283,62.0,compact_mipsol,bp_active_excluding_cloud_call,0.23480800000106683,0.0
cim_active_20260923_184108,2019-03-11_N16_C4,600.0,vehicle,cim,2019-03-11_N16_C4_cim_s0.json,0,8.535986100003356,78.0,rmp_integer,bp_active_excluding_cloud_call,136.62072729999636,128.08473909999884
cim_active_20260923_184108,2019-03-11_N16_C4,600.0,vehicle,cim,2019-03-11_N16_C4_cim_s0.json,0,9.428742700001749,76.0,restricted_mip,bp_active_excluding_cloud_call,137.5134837000005,128.08473909999884
cim_active_20260923_184108,2019-03-11_N16_C4,600.0,vehicle,cim,2019-03-11_N16_C4_cim_s0.json,0,11.086716300000262,75.0,rmp_integer,bp_active_excluding_cloud_call,139.17145750000054,128.08473909999884
cim_active_20260923_184108,2019-03-11_N16_C4,600.0,vehicle,cim,2019-03-11_N16_C4_cim_s0.json,0,77.21162880000338,70.0,rmp_integer,bp_active_excluding_cloud_call,205.2963696999941,128.08473909999884
cim_active_20260923_184108,2019-03-11_N16_C4,600.0,vehicle,cim,2019-03-11_N16_C4_cim_s0.json,0,122.24007790000178,68.0,rmp_integer,bp_active_excluding_cloud_call,250.32481890000054,128.08473909999884
cim_active_20260923_184108,2019-03-11_N16_C4,600.0,vehicle,cim,2019-03-11_N16_C4_cim_s0.json,0,169.96062009999878,66.0,rmp_integer,bp_active_excluding_cloud_call,298.0453609999968,128.08473909999884
cim_active_20260923_184108,2019-03-11_N16_C4,600.0,vehicle,cim,2019-03-11_N16_C4_cim_s0.json,0,232.12574129999848,64.0,rmp_integer,bp_active_excluding_cloud_call,360.21048229999724,128.08473909999884
cim_active_20260923_184108,2019-03-11_N16_C4,600.0,vehicle,qaia_tuned,2019-03-11_N16_C4_qaia_tuned_s0.json,0,2.144328399997903,76.0,restricted_mip,bp_active_excluding_cloud_call,2.1443304999993416,0.0
cim_active_20260923_184108,2019-03-11_N16_C4,600.0,vehicle,qaia_tuned,2019-03-11_N16_C4_qaia_tuned_s0.json,0,31.49653839999519,75.0,rmp_integer,bp_active_excluding_cloud_call,31.49654020000162,0.0
cim_active_20260923_184108,2019-03-11_N16_C4,600.0,vehicle,qaia_tuned,2019-03-11_N16_C4_qaia_tuned_s0.json,0,48.721140099994955,74.0,rmp_integer,bp_active_excluding_cloud_call,48.721141900001385,0.0
cim_active_20260923_184108,2019-03-11_N16_C4,600.0,vehicle,qaia_tuned,2019-03-11_N16_C4_qaia_tuned_s0.json,0,56.97256699999707,69.0,rmp_integer,bp_active_excluding_cloud_call,56.97256870000274,0.0
cim_active_20260923_184108,2019-03-11_N16_C4,600.0,vehicle,qaia_tuned,2019-03-11_N16_C4_qaia_tuned_s0.json,0,72.15062629999738,67.0,rmp_integer,bp_active_excluding_cloud_call,72.15062790000229,0.0
cim_active_20260923_184108,2019-03-11_N16_C4,600.0,vehicle,qaia_tuned,2019-03-11_N16_C4_qaia_tuned_s0.json,0,528.2437108999948,65.0,rmp_integer,bp_active_excluding_cloud_call,528.2437127000012,0.0
cim_active_20260923_184108,2019-03-11_N16_C4,600.0,vehicle,exact,2019-03-11_N16_C4_exact_r0.json,0,1.1798371999975643,75.0,restricted_mip,bp_active_excluding_cloud_call,1.1798393999997643,0.0
cim_active_20260923_184108,2019-03-11_N16_C4,600.0,vehicle,exact,2019-03-11_N16_C4_exact_r0.json,0,10.213575699999637,74.0,rmp_integer,bp_active_excluding_cloud_call,10.213577899994561,0.0
cim_active_20260923_184108,2019-03-11_N16_C4,600.0,vehicle,exact,2019-03-11_N16_C4_exact_r0.json,0,39.55677979999746,72.0,rmp_integer,bp_active_excluding_cloud_call,39.556782199993904,0.0
cim_active_20260923_184108,2019-03-11_N16_C4,600.0,vehicle,exact,2019-03-11_N16_C4_exact_r0.json,0,55.13458289999835,71.0,rmp_integer,bp_active_excluding_cloud_call,55.13458499999979,0.0
cim_active_20260923_184108,2019-03-11_N16_C4,600.0,vehicle,exact,2019-03-11_N16_C4_exact_r0.json,0,79.72404139999708,70.0,rmp_integer,bp_active_excluding_cloud_call,79.72404399999505,0.0
cim_active_20260923_184108,2019-03-11_N16_C4,600.0,vehicle,exact,2019-03-11_N16_C4_exact_r0.json,0,90.4408231999987,67.0,rmp_integer,bp_active_excluding_cloud_call,90.44082530000014,0.0
cim_active_20260923_184108,2019-03-11_N16_C4,600.0,vehicle,exact,2019-03-11_N16_C4_exact_r0.json,0,225.00367659999756,66.0,rmp_integer,bp_active_excluding_cloud_call,225.00367859999824,0.0
cim_active_20260923_184108,2019-03-11_N16_C4,600.0,vehicle,exact,2019-03-11_N16_C4_exact_r0.json,0,342.15436670000054,63.0,rmp_integer,bp_active_excluding_cloud_call,342.15436889999546,0.0
cim_active_20260923_184108,2019-03-11_N16_C4,600.0,vehicle,qaia_tuned,2019-03-11_N16_C4_qaia_tuned_s1.json,1,2.1741859999965527,76.0,restricted_mip,bp_active_excluding_cloud_call,2.1741881999987527,0.0
cim_active_20260923_184108,2019-03-11_N16_C4,600.0,vehicle,qaia_tuned,2019-03-11_N16_C4_qaia_tuned_s1.json,1,31.30738030000066,75.0,rmp_integer,bp_active_excluding_cloud_call,31.307382200000575,0.0
cim_active_20260923_184108,2019-03-11_N16_C4,600.0,vehicle,qaia_tuned,2019-03-11_N16_C4_qaia_tuned_s1.json,1,48.48674819999724,74.0,rmp_integer,bp_active_excluding_cloud_call,48.48675010000443,0.0
cim_active_20260923_184108,2019-03-11_N16_C4,600.0,vehicle,qaia_tuned,2019-03-11_N16_C4_qaia_tuned_s1.json,1,56.666132699996524,69.0,rmp_integer,bp_active_excluding_cloud_call,56.66613430000143,0.0
cim_active_20260923_184108,2019-03-11_N16_C4,600.0,vehicle,qaia_tuned,2019-03-11_N16_C4_qaia_tuned_s1.json,1,71.79843529999926,67.0,rmp_integer,bp_active_excluding_cloud_call,71.79843719999917,0.0
cim_active_20260923_184108,2019-03-11_N16_C4,600.0,vehicle,qaia_tuned,2019-03-11_N16_C4_qaia_tuned_s1.json,1,524.9455552,65.0,rmp_integer,bp_active_excluding_cloud_call,524.9455572000006,0.0
cim_active_20260923_184108,2019-03-11_N16_C4,600.0,vehicle,cim,2019-03-11_N16_C4_cim_s1.json,1,9.189949599996908,74.0,restricted_mip,bp_active_excluding_cloud_call,197.49293580000085,188.3029843999975
cim_active_20260923_184108,2019-03-11_N16_C4,600.0,vehicle,cim,2019-03-11_N16_C4_cim_s1.json,1,54.654497399998945,68.0,rmp_integer,bp_active_excluding_cloud_call,242.9574836000029,188.3029843999975
cim_active_20260923_184108,2019-03-11_N16_C4,600.0,vehicle,cim,2019-03-11_N16_C4_cim_s1.json,1,244.80632360000163,67.0,rmp_integer,bp_active_excluding_cloud_call,433.1093097000048,188.3029843999975
cim_active_20260923_184108,2019-03-11_N16_C4,600.0,vehicle,cim,2019-03-11_N16_C4_cim_s2.json,2,8.593428999993193,71.0,rmp_integer,bp_active_excluding_cloud_call,196.6201080999963,188.02667730000394
cim_active_20260923_184108,2019-03-11_N16_C4,600.0,vehicle,cim,2019-03-11_N16_C4_cim_s2.json,2,83.56540709999535,70.0,rmp_integer,bp_active_excluding_cloud_call,271.5920862999992,188.02667730000394
cim_active_20260923_184108,2019-03-11_N16_C4,600.0,vehicle,cim,2019-03-11_N16_C4_cim_s2.json,2,137.3259076999966,69.0,rmp_integer,bp_active_excluding_cloud_call,325.35258699999395,188.02667730000394
cim_active_20260923_184108,2019-03-11_N16_C4,600.0,vehicle,cim,2019-03-11_N16_C4_cim_s2.json,2,208.15754509999533,68.0,rmp_integer,bp_active_excluding_cloud_call,396.1842242999992,188.02667730000394
cim_active_20260923_184108,2019-03-11_N16_C4,600.0,vehicle,cim,2019-03-11_N16_C4_cim_s2.json,2,293.3078897999949,67.0,rmp_integer,bp_active_excluding_cloud_call,481.33456899999874,188.02667730000394
cim_active_20260923_184108,2019-03-11_N16_C4,600.0,vehicle,cim,2019-03-11_N16_C4_cim_s2.json,2,454.827804799992,65.0,rmp_integer,bp_active_excluding_cloud_call,642.8544839999959,188.02667730000394
cim_active_20260923_184108,2019-03-11_N16_C4,600.0,vehicle,qaia_tuned,2019-03-11_N16_C4_qaia_tuned_s2.json,2,2.1369981999960146,76.0,restricted_mip,bp_active_excluding_cloud_call,2.1370000000024447,0.0
cim_active_20260923_184108,2019-03-11_N16_C4,600.0,vehicle,qaia_tuned,2019-03-11_N16_C4_qaia_tuned_s2.json,2,31.27805499999522,75.0,rmp_integer,bp_active_excluding_cloud_call,31.278057000003173,0.0
cim_active_20260923_184108,2019-03-11_N16_C4,600.0,vehicle,qaia_tuned,2019-03-11_N16_C4_qaia_tuned_s2.json,2,48.483034199998656,74.0,rmp_integer,bp_active_excluding_cloud_call,48.483036300000094,0.0
cim_active_20260923_184108,2019-03-11_N16_C4,600.0,vehicle,qaia_tuned,2019-03-11_N16_C4_qaia_tuned_s2.json,2,56.672737099994265,69.0,rmp_integer,bp_active_excluding_cloud_call,56.672738900000695,0.0
cim_active_20260923_184108,2019-03-11_N16_C4,600.0,vehicle,qaia_tuned,2019-03-11_N16_C4_qaia_tuned_s2.json,2,71.82691879999766,67.0,rmp_integer,bp_active_excluding_cloud_call,71.82692070000485,0.0
cim_active_20260923_184108,2019-03-11_N16_C4,600.0,vehicle,qaia_tuned,2019-03-11_N16_C4_qaia_tuned_s2.json,2,524.366036899999,65.0,rmp_integer,bp_active_excluding_cloud_call,524.3660390000005,0.0
cim_active_20260923_184108,2019-03-11_N20_C5,600.0,vehicle,compact,2019-03-11_N20_C5_compact.json,0,0.029300599999260157,74.0,compact_mipsol,bp_active_excluding_cloud_call,0.02930279999418417,0.0
cim_active_20260923_184108,2019-03-11_N20_C5,600.0,vehicle,compact,2019-03-11_N20_C5_compact.json,0,0.12461880000046222,68.0,compact_mipsol,bp_active_excluding_cloud_call,0.12462089999462478,0.0
cim_active_20260923_184108,2019-03-11_N20_C5,600.0,vehicle,compact,2019-03-11_N20_C5_compact.json,0,0.1263727999976254,64.0,compact_mipsol,bp_active_excluding_cloud_call,0.12637469999754103,0.0
cim_active_20260923_184108,2019-03-11_N20_C5,600.0,vehicle,compact,2019-03-11_N20_C5_compact.json,0,0.12993989999813493,63.0,compact_mipsol,bp_active_excluding_cloud_call,0.12994179999805056,0.0
cim_active_20260923_184108,2019-03-11_N20_C5,600.0,vehicle,compact,2019-03-11_N20_C5_compact.json,0,0.13250410000182455,62.0,compact_mipsol,bp_active_excluding_cloud_call,0.13250589999370277,0.0
cim_active_20260923_184108,2019-03-11_N20_C5,600.0,vehicle,cim,2019-03-11_N20_C5_cim_s0.json,0,20.323440699998173,74.0,restricted_mip,bp_active_excluding_cloud_call,230.28863360000105,209.9651903999984
cim_active_20260923_184108,2019-03-11_N20_C5,600.0,vehicle,cim,2019-03-11_N20_C5_cim_s0.json,0,20.397106799995527,73.0,restricted_mip,bp_active_excluding_cloud_call,230.36229980000644,209.9651903999984
cim_active_20260923_184108,2019-03-11_N20_C5,600.0,vehicle,cim,2019-03-11_N20_C5_cim_s0.json,0,263.0647605999984,72.0,rmp_integer,bp_active_excluding_cloud_call,473.0299531000055,209.9651903999984
cim_active_20260923_184108,2019-03-11_N20_C5,600.0,vehicle,cim,2019-03-11_N20_C5_cim_s0.json,0,267.0505717999986,69.0,rmp_integer,bp_active_excluding_cloud_call,477.01576440000645,209.9651903999984
cim_active_20260923_184108,2019-03-11_N20_C5,600.0,vehicle,qaia_tuned,2019-03-11_N20_C5_qaia_tuned_s0.json,0,1.2213466000030166,75.0,rmp_integer,bp_active_excluding_cloud_call,1.221349999999802,0.0
cim_active_20260923_184108,2019-03-11_N20_C5,600.0,vehicle,qaia_tuned,2019-03-11_N20_C5_qaia_tuned_s0.json,0,2.453497900001821,74.0,restricted_mip,bp_active_excluding_cloud_call,2.4535006000005524,0.0
cim_active_20260923_184108,2019-03-11_N20_C5,600.0,vehicle,qaia_tuned,2019-03-11_N20_C5_qaia_tuned_s0.json,0,252.64188220000506,70.0,rmp_integer,bp_active_excluding_cloud_call,252.6418848999965,0.0
cim_active_20260923_184108,2019-03-11_N20_C5,600.0,vehicle,qaia_tuned,2019-03-11_N20_C5_qaia_tuned_s0.json,0,403.2086333000043,68.0,rmp_integer,bp_active_excluding_cloud_call,403.20863599999575,0.0
cim_active_20260923_184108,2019-03-11_N20_C5,600.0,vehicle,exact,2019-03-11_N20_C5_exact_r0.json,0,2.330648700000893,78.0,restricted_mip,bp_active_excluding_cloud_call,2.3306508000023314,0.0
cim_active_20260923_184108,2019-03-11_N20_C5,600.0,vehicle,exact,2019-03-11_N20_C5_exact_r0.json,0,2.409147500002291,74.0,restricted_mip,bp_active_excluding_cloud_call,2.409149700004491,0.0
cim_active_20260923_184108,2019-03-11_N20_C5,600.0,vehicle,exact,2019-03-11_N20_C5_exact_r0.json,0,140.88876850000088,69.0,rmp_integer,bp_active_excluding_cloud_call,140.88877080000384,0.0
cim_active_20260923_184108,2019-03-11_N20_C5,600.0,vehicle,exact,2019-03-11_N20_C5_exact_r0.json,0,496.02175470000657,68.0,rmp_integer,bp_active_excluding_cloud_call,496.02175700000225,0.0
cim_active_20260923_184108,2019-03-11_N20_C5,600.0,vehicle,qaia_tuned,2019-03-11_N20_C5_qaia_tuned_s1.json,1,1.1622881999937817,75.0,rmp_integer,bp_active_excluding_cloud_call,1.1622902000017348,0.0
cim_active_20260923_184108,2019-03-11_N20_C5,600.0,vehicle,qaia_tuned,2019-03-11_N20_C5_qaia_tuned_s1.json,1,2.408163699998113,74.0,restricted_mip,bp_active_excluding_cloud_call,2.408165700006066,0.0
cim_active_20260923_184108,2019-03-11_N20_C5,600.0,vehicle,qaia_tuned,2019-03-11_N20_C5_qaia_tuned_s1.json,1,252.17968509999628,70.0,rmp_integer,bp_active_excluding_cloud_call,252.179687200005,0.0
cim_active_20260923_184108,2019-03-11_N20_C5,600.0,vehicle,qaia_tuned,2019-03-11_N20_C5_qaia_tuned_s1.json,1,401.5920771999954,68.0,rmp_integer,bp_active_excluding_cloud_call,401.59207950000564,0.0
cim_active_20260923_184108,2019-03-11_N20_C5,600.0,vehicle,cim,2019-03-11_N20_C5_cim_s1.json,1,21.32834610000282,73.0,restricted_mip,bp_active_excluding_cloud_call,230.2615216999984,208.93317309999838
cim_active_20260923_184108,2019-03-11_N20_C5,600.0,vehicle,cim,2019-03-11_N20_C5_cim_s1.json,1,185.13539080000191,72.0,rmp_integer,bp_active_excluding_cloud_call,394.06856569999945,208.93317309999838
cim_active_20260923_184108,2019-03-11_N20_C5,600.0,vehicle,cim,2019-03-11_N20_C5_cim_s1.json,1,239.6073983000024,70.0,rmp_integer,bp_active_excluding_cloud_call,448.5405731999999,208.93317309999838
cim_active_20260923_184108,2019-03-11_N20_C5,600.0,vehicle,cim,2019-03-11_N20_C5_cim_s1.json,1,292.67183990000194,69.0,rmp_integer,bp_active_excluding_cloud_call,501.6050147999995,208.93317309999838
cim_active_20260923_184108,2019-03-11_N20_C5,600.0,vehicle,cim,2019-03-11_N20_C5_cim_s1.json,1,541.7201020000066,68.0,rmp_integer,bp_active_excluding_cloud_call,750.6532771999991,208.93317309999838
cim_active_20260923_184108,2019-03-11_N20_C5,600.0,vehicle,cim,2019-03-11_N20_C5_cim_s2.json,2,23.671741400001338,72.0,restricted_mip,bp_active_excluding_cloud_call,293.7238612000001,270.0521174999958
cim_active_20260923_184108,2019-03-11_N20_C5,600.0,vehicle,cim,2019-03-11_N20_C5_cim_s2.json,2,160.68925840000156,71.0,rmp_integer,bp_active_excluding_cloud_call,430.7413777999973,270.0521174999958
cim_active_20260923_184108,2019-03-11_N20_C5,600.0,vehicle,cim,2019-03-11_N20_C5_cim_s2.json,2,160.9412525000007,68.0,rmp_integer,bp_active_excluding_cloud_call,430.9933719999972,270.0521174999958
cim_active_20260923_184108,2019-03-11_N20_C5,600.0,vehicle,cim,2019-03-11_N20_C5_cim_s2.json,2,255.90586679999979,67.0,rmp_integer,bp_active_excluding_cloud_call,525.957986399997,270.0521174999958
cim_active_20260923_184108,2019-03-11_N20_C5,600.0,vehicle,cim,2019-03-11_N20_C5_cim_s2.json,2,521.5595249000035,66.0,rmp_integer,bp_active_excluding_cloud_call,791.6116445000007,270.0521174999958
cim_active_20260923_184108,2019-03-11_N20_C5,600.0,vehicle,qaia_tuned,2019-03-11_N20_C5_qaia_tuned_s2.json,2,1.290041200001724,74.0,rmp_integer,bp_active_excluding_cloud_call,1.2900436999989324,0.0
cim_active_20260923_184108,2019-03-11_N20_C5,600.0,vehicle,qaia_tuned,2019-03-11_N20_C5_qaia_tuned_s2.json,2,174.8015626999986,73.0,rmp_integer,bp_active_excluding_cloud_call,174.80156449999777,0.0
cim_active_20260923_184108,2019-03-11_N20_C5,600.0,vehicle,qaia_tuned,2019-03-11_N20_C5_qaia_tuned_s2.json,2,231.20428160000301,70.0,rmp_integer,bp_active_excluding_cloud_call,231.20428350000293,0.0
cim_active_20260923_184108,2019-03-11_N20_C5,600.0,vehicle,qaia_tuned,2019-03-11_N20_C5_qaia_tuned_s2.json,2,564.609723900001,69.0,rmp_integer,bp_active_excluding_cloud_call,564.6097258000009,0.0
cim_active_20260923_184108,2019-03-12_N8_C2,600.0,vehicle,compact,2019-03-12_N8_C2_compact.json,0,0.027418600002420135,81.0,compact_mipsol,bp_active_excluding_cloud_call,0.027420600003097206,0.0
cim_active_20260923_184108,2019-03-12_N8_C2,600.0,vehicle,compact,2019-03-12_N8_C2_compact.json,0,0.028507200004241895,80.0,compact_mipsol,bp_active_excluding_cloud_call,0.02850909999688156,0.0
cim_active_20260923_184108,2019-03-12_N8_C2,600.0,vehicle,compact,2019-03-12_N8_C2_compact.json,0,0.03150080000341404,69.0,compact_mipsol,bp_active_excluding_cloud_call,0.031502700003329664,0.0
cim_active_20260923_184108,2019-03-12_N8_C2,600.0,vehicle,compact,2019-03-12_N8_C2_compact.json,0,0.032537900005991105,68.0,compact_mipsol,bp_active_excluding_cloud_call,0.03253969999786932,0.0
cim_active_20260923_184108,2019-03-12_N8_C2,600.0,vehicle,qaia_tuned,2019-03-12_N8_C2_qaia_tuned_s0.json,0,0.47313170000415994,81.0,restricted_mip,bp_active_excluding_cloud_call,0.47313360000407556,0.0
cim_active_20260923_184108,2019-03-12_N8_C2,600.0,vehicle,qaia_tuned,2019-03-12_N8_C2_qaia_tuned_s0.json,0,0.942425599998387,69.0,rmp_integer,bp_active_excluding_cloud_call,0.9424273999975412,0.0
cim_active_20260923_184108,2019-03-12_N8_C2,600.0,vehicle,qaia_tuned,2019-03-12_N8_C2_qaia_tuned_s0.json,0,2.2017711000007694,68.0,rmp_integer,bp_active_excluding_cloud_call,2.201773900000262,0.0
cim_active_20260923_184108,2019-03-12_N8_C2,600.0,vehicle,exact,2019-03-12_N8_C2_exact_r0.json,0,0.18898469999840017,81.0,rmp_integer,bp_active_excluding_cloud_call,0.18898649999755435,0.0
cim_active_20260923_184108,2019-03-12_N8_C2,600.0,vehicle,exact,2019-03-12_N8_C2_exact_r0.json,0,0.32491489999665646,70.0,restricted_mip,bp_active_excluding_cloud_call,0.32491660000232514,0.0
cim_active_20260923_184108,2019-03-12_N8_C2,600.0,vehicle,exact,2019-03-12_N8_C2_exact_r0.json,0,6.942915499996161,69.0,rmp_integer,bp_active_excluding_cloud_call,6.94291720000183,0.0
cim_active_20260923_184108,2019-03-12_N8_C2,600.0,vehicle,exact,2019-03-12_N8_C2_exact_r0.json,0,7.851165799998853,68.0,rmp_integer,bp_active_excluding_cloud_call,7.85116740000376,0.0
cim_active_20260923_184108,2019-03-12_N8_C2,600.0,vehicle,qaia_tuned,2019-03-12_N8_C2_qaia_tuned_s1.json,1,0.46612350000214064,81.0,restricted_mip,bp_active_excluding_cloud_call,0.46612569999706466,0.0
cim_active_20260923_184108,2019-03-12_N8_C2,600.0,vehicle,qaia_tuned,2019-03-12_N8_C2_qaia_tuned_s1.json,1,0.9308635999987018,69.0,rmp_integer,bp_active_excluding_cloud_call,0.9308657000001404,0.0
cim_active_20260923_184108,2019-03-12_N8_C2,600.0,vehicle,qaia_tuned,2019-03-12_N8_C2_qaia_tuned_s1.json,1,2.2151270999966073,68.0,rmp_integer,bp_active_excluding_cloud_call,2.2151293999995687,0.0
cim_active_20260923_184108,2019-03-12_N8_C2,600.0,vehicle,qaia_tuned,2019-03-12_N8_C2_qaia_tuned_s2.json,2,0.4651014000046416,81.0,restricted_mip,bp_active_excluding_cloud_call,0.4651030000022729,0.0
cim_active_20260923_184108,2019-03-12_N8_C2,600.0,vehicle,qaia_tuned,2019-03-12_N8_C2_qaia_tuned_s2.json,2,0.9351437000004807,69.0,rmp_integer,bp_active_excluding_cloud_call,0.9351451999973506,0.0
cim_active_20260923_184108,2019-03-12_N8_C2,600.0,vehicle,qaia_tuned,2019-03-12_N8_C2_qaia_tuned_s2.json,2,2.201372800001991,68.0,rmp_integer,bp_active_excluding_cloud_call,2.2013745000003837,0.0
cim_active_20260923_184108,2019-03-12_N12_C3,600.0,vehicle,compact,2019-03-12_N12_C3_compact.json,0,0.016673999998602085,80.0,compact_mipsol,bp_active_excluding_cloud_call,0.016676100000040606,0.0
cim_active_20260923_184108,2019-03-12_N12_C3,600.0,vehicle,compact,2019-03-12_N12_C3_compact.json,0,0.0657772999984445,64.0,compact_mipsol,bp_active_excluding_cloud_call,0.06577950000064448,0.0
cim_active_20260923_184108,2019-03-12_N12_C3,600.0,vehicle,cim,2019-03-12_N12_C3_cim_s0.json,0,3.0770424000002095,69.0,rmp_integer,bp_active_excluding_cloud_call,246.73074140000244,243.65369680000003
cim_active_20260923_184108,2019-03-12_N12_C3,600.0,vehicle,cim,2019-03-12_N12_C3_cim_s0.json,0,72.14325720000488,68.0,rmp_integer,bp_active_excluding_cloud_call,315.7969563000006,243.65369680000003
cim_active_20260923_184108,2019-03-12_N12_C3,600.0,vehicle,cim,2019-03-12_N12_C3_cim_s0.json,0,117.00483579999855,66.0,rmp_integer,bp_active_excluding_cloud_call,360.6585347,243.65369680000003
cim_active_20260923_184108,2019-03-12_N12_C3,600.0,vehicle,cim,2019-03-12_N12_C3_cim_s0.json,0,210.1555637000056,65.0,rmp_integer,bp_active_excluding_cloud_call,453.8092625999998,243.65369680000003
cim_active_20260923_184108,2019-03-12_N12_C3,600.0,vehicle,cim,2019-03-12_N12_C3_cim_s0.json,0,269.20387740000297,64.0,rmp_integer,bp_active_excluding_cloud_call,512.8575765999994,243.65369680000003
cim_active_20260923_184108,2019-03-12_N12_C3,600.0,vehicle,qaia_tuned,2019-03-12_N12_C3_qaia_tuned_s0.json,0,0.42436199999792734,81.0,rmp_integer,bp_active_excluding_cloud_call,0.42436439999437425,0.0
cim_active_20260923_184108,2019-03-12_N12_C3,600.0,vehicle,qaia_tuned,2019-03-12_N12_C3_qaia_tuned_s0.json,0,0.6872847999984515,67.0,restricted_mip,bp_active_excluding_cloud_call,0.687287099994137,0.0
cim_active_20260923_184108,2019-03-12_N12_C3,600.0,vehicle,qaia_tuned,2019-03-12_N12_C3_qaia_tuned_s0.json,0,2.626336299996183,66.0,rmp_integer,bp_active_excluding_cloud_call,2.626338599999144,0.0
cim_active_20260923_184108,2019-03-12_N12_C3,600.0,vehicle,qaia_tuned,2019-03-12_N12_C3_qaia_tuned_s0.json,0,17.09982719999971,64.0,rmp_integer,bp_active_excluding_cloud_call,17.09982929999387,0.0
cim_active_20260923_184108,2019-03-12_N12_C3,600.0,vehicle,exact,2019-03-12_N12_C3_exact_r0.json,0,0.3759393000000273,69.0,rmp_integer,bp_active_excluding_cloud_call,0.3759414999949513,0.0
cim_active_20260923_184108,2019-03-12_N12_C3,600.0,vehicle,exact,2019-03-12_N12_C3_exact_r0.json,0,12.85179159999825,68.0,rmp_integer,bp_active_excluding_cloud_call,12.85179380000045,0.0
cim_active_20260923_184108,2019-03-12_N12_C3,600.0,vehicle,exact,2019-03-12_N12_C3_exact_r0.json,0,120.74686699999438,65.0,rmp_integer,bp_active_excluding_cloud_call,120.74686919999658,0.0
cim_active_20260923_184108,2019-03-12_N12_C3,600.0,vehicle,exact,2019-03-12_N12_C3_exact_r0.json,0,432.36536669999623,64.0,rmp_integer,bp_active_excluding_cloud_call,432.3653689999992,0.0
cim_active_20260923_184108,2019-03-12_N12_C3,600.0,vehicle,qaia_tuned,2019-03-12_N12_C3_qaia_tuned_s1.json,1,0.43504329999996116,80.0,rmp_integer,bp_active_excluding_cloud_call,0.4350451999998768,0.0
cim_active_20260923_184108,2019-03-12_N12_C3,600.0,vehicle,qaia_tuned,2019-03-12_N12_C3_qaia_tuned_s1.json,1,3.496821100001398,77.0,rmp_integer,bp_active_excluding_cloud_call,3.4968227999997907,0.0
cim_active_20260923_184108,2019-03-12_N12_C3,600.0,vehicle,qaia_tuned,2019-03-12_N12_C3_qaia_tuned_s1.json,1,28.237418899996555,71.0,rmp_integer,bp_active_excluding_cloud_call,28.23742069999571,0.0
cim_active_20260923_184108,2019-03-12_N12_C3,600.0,vehicle,qaia_tuned,2019-03-12_N12_C3_qaia_tuned_s1.json,1,52.42141640000045,69.0,rmp_integer,bp_active_excluding_cloud_call,52.42141830000037,0.0
cim_active_20260923_184108,2019-03-12_N12_C3,600.0,vehicle,qaia_tuned,2019-03-12_N12_C3_qaia_tuned_s1.json,1,108.11990839999635,68.0,rmp_integer,bp_active_excluding_cloud_call,108.11991029999626,0.0
cim_active_20260923_184108,2019-03-12_N12_C3,600.0,vehicle,qaia_tuned,2019-03-12_N12_C3_qaia_tuned_s1.json,1,263.73455059999833,67.0,rmp_integer,bp_active_excluding_cloud_call,263.73455249999824,0.0
cim_active_20260923_184108,2019-03-12_N12_C3,600.0,vehicle,qaia_tuned,2019-03-12_N12_C3_qaia_tuned_s1.json,1,340.57861330000014,64.0,rmp_integer,bp_active_excluding_cloud_call,340.57861499999854,0.0
cim_active_20260923_184108,2019-03-12_N12_C3,600.0,vehicle,cim,2019-03-12_N12_C3_cim_s1.json,1,2.822176000001491,69.0,rmp_integer,bp_active_excluding_cloud_call,245.66017270000157,242.83799449999788
cim_active_20260923_184108,2019-03-12_N12_C3,600.0,vehicle,cim,2019-03-12_N12_C3_cim_s1.json,1,15.2293484000038,68.0,rmp_integer,bp_active_excluding_cloud_call,258.06734519999736,242.83799449999788
cim_active_20260923_184108,2019-03-12_N12_C3,600.0,vehicle,cim,2019-03-12_N12_C3_cim_s1.json,1,83.72587940000085,66.0,rmp_integer,bp_active_excluding_cloud_call,326.5638761000009,242.83799449999788
cim_active_20260923_184108,2019-03-12_N12_C3,600.0,vehicle,cim,2019-03-12_N12_C3_cim_s1.json,1,92.32669750000059,64.0,rmp_integer,bp_active_excluding_cloud_call,335.1646940999999,242.83799449999788
cim_active_20260923_184108,2019-03-12_N12_C3,600.0,vehicle,cim,2019-03-12_N12_C3_cim_s2.json,2,2.7967353999993065,69.0,rmp_integer,bp_active_excluding_cloud_call,246.1747985999973,243.37806129999808
cim_active_20260923_184108,2019-03-12_N12_C3,600.0,vehicle,cim,2019-03-12_N12_C3_cim_s2.json,2,36.42535990000033,67.0,rmp_integer,bp_active_excluding_cloud_call,279.80342299999757,243.37806129999808
cim_active_20260923_184108,2019-03-12_N12_C3,600.0,vehicle,cim,2019-03-12_N12_C3_cim_s2.json,2,81.1518916999994,65.0,rmp_integer,bp_active_excluding_cloud_call,324.5299548999974,243.37806129999808
cim_active_20260923_184108,2019-03-12_N12_C3,600.0,vehicle,qaia_tuned,2019-03-12_N12_C3_qaia_tuned_s2.json,2,0.44158449999667937,80.0,rmp_integer,bp_active_excluding_cloud_call,0.4415863000031095,0.0
cim_active_20260923_184108,2019-03-12_N12_C3,600.0,vehicle,qaia_tuned,2019-03-12_N12_C3_qaia_tuned_s2.json,2,3.4819656999970903,77.0,rmp_integer,bp_active_excluding_cloud_call,3.481967400002759,0.0
cim_active_20260923_184108,2019-03-12_N12_C3,600.0,vehicle,qaia_tuned,2019-03-12_N12_C3_qaia_tuned_s2.json,2,28.093243699993764,71.0,rmp_integer,bp_active_excluding_cloud_call,28.093245500000194,0.0
cim_active_20260923_184108,2019-03-12_N12_C3,600.0,vehicle,qaia_tuned,2019-03-12_N12_C3_qaia_tuned_s2.json,2,52.15089079999598,69.0,rmp_integer,bp_active_excluding_cloud_call,52.15089280000393,0.0
cim_active_20260923_184108,2019-03-12_N12_C3,600.0,vehicle,qaia_tuned,2019-03-12_N12_C3_qaia_tuned_s2.json,2,107.61575509999966,68.0,rmp_integer,bp_active_excluding_cloud_call,107.61575699999958,0.0
cim_active_20260923_184108,2019-03-12_N12_C3,600.0,vehicle,qaia_tuned,2019-03-12_N12_C3_qaia_tuned_s2.json,2,263.5694757999954,67.0,rmp_integer,bp_active_excluding_cloud_call,263.56947760000185,0.0
cim_active_20260923_184108,2019-03-12_N12_C3,600.0,vehicle,qaia_tuned,2019-03-12_N12_C3_qaia_tuned_s2.json,2,340.03337889999966,64.0,rmp_integer,bp_active_excluding_cloud_call,340.03338090000034,0.0
cim_active_20260923_184108,2019-03-12_N16_C4,600.0,vehicle,compact,2019-03-12_N16_C4_compact.json,0,0.04329390000202693,80.0,compact_mipsol,bp_active_excluding_cloud_call,0.043295899995428044,0.0
cim_active_20260923_184108,2019-03-12_N16_C4,600.0,vehicle,compact,2019-03-12_N16_C4_compact.json,0,0.04541350000363309,70.0,compact_mipsol,bp_active_excluding_cloud_call,0.045415399996272754,0.0
cim_active_20260923_184108,2019-03-12_N16_C4,600.0,vehicle,compact,2019-03-12_N16_C4_compact.json,0,0.04679539999779081,69.0,compact_mipsol,bp_active_excluding_cloud_call,0.04679729999770643,0.0
cim_active_20260923_184108,2019-03-12_N16_C4,600.0,vehicle,compact,2019-03-12_N16_C4_compact.json,0,0.04801399999996647,68.0,compact_mipsol,bp_active_excluding_cloud_call,0.048015799999120645,0.0
cim_active_20260923_184108,2019-03-12_N16_C4,600.0,vehicle,compact,2019-03-12_N16_C4_compact.json,0,0.06755949999933364,62.0,compact_mipsol,bp_active_excluding_cloud_call,0.06756270000187214,0.0
cim_active_20260923_184108,2019-03-12_N16_C4,600.0,vehicle,cim,2019-03-12_N16_C4_cim_s0.json,0,9.039850000001024,73.0,restricted_mip,bp_active_excluding_cloud_call,138.18015390000073,129.14030149999599
cim_active_20260923_184108,2019-03-12_N16_C4,600.0,vehicle,cim,2019-03-12_N16_C4_cim_s0.json,0,14.37626640000235,71.0,rmp_integer,bp_active_excluding_cloud_call,143.51656999999977,129.14030149999599
cim_active_20260923_184108,2019-03-12_N16_C4,600.0,vehicle,cim,2019-03-12_N16_C4_cim_s0.json,0,110.18798300000344,68.0,rmp_integer,bp_active_excluding_cloud_call,239.32828630000586,129.14030149999599
cim_active_20260923_184108,2019-03-12_N16_C4,600.0,vehicle,cim,2019-03-12_N16_C4_cim_s0.json,0,346.83248450000247,67.0,rmp_integer,bp_active_excluding_cloud_call,475.97278790000564,129.14030149999599
cim_active_20260923_184108,2019-03-12_N16_C4,600.0,vehicle,qaia_tuned,2019-03-12_N16_C4_qaia_tuned_s0.json,0,0.9964940999998362,68.0,rmp_integer,bp_active_excluding_cloud_call,0.9964962000012747,0.0
cim_active_20260923_184108,2019-03-12_N16_C4,600.0,vehicle,qaia_tuned,2019-03-12_N16_C4_qaia_tuned_s0.json,0,208.03654759999336,66.0,rmp_integer,bp_active_excluding_cloud_call,208.0365496000013,0.0
cim_active_20260923_184108,2019-03-12_N16_C4,600.0,vehicle,qaia_tuned,2019-03-12_N16_C4_qaia_tuned_s0.json,0,270.6443949999957,65.0,rmp_integer,bp_active_excluding_cloud_call,270.64439700000366,0.0
cim_active_20260923_184108,2019-03-12_N16_C4,600.0,vehicle,qaia_tuned,2019-03-12_N16_C4_qaia_tuned_s0.json,0,290.42917839999427,64.0,rmp_integer,bp_active_excluding_cloud_call,290.4291802000007,0.0
cim_active_20260923_184108,2019-03-12_N16_C4,600.0,vehicle,qaia_tuned,2019-03-12_N16_C4_qaia_tuned_s0.json,0,451.5359352999949,62.0,rmp_integer,bp_active_excluding_cloud_call,451.5359371000013,0.0
cim_active_20260923_184108,2019-03-12_N16_C4,600.0,vehicle,exact,2019-03-12_N16_C4_exact_r0.json,0,0.5189676000009058,80.0,rmp_integer,bp_active_excluding_cloud_call,0.51896940000006,0.0
cim_active_20260923_184108,2019-03-12_N16_C4,600.0,vehicle,exact,2019-03-12_N16_C4_exact_r0.json,0,1.200904500001343,77.0,restricted_mip,bp_active_excluding_cloud_call,1.2009060999989742,0.0
cim_active_20260923_184108,2019-03-12_N16_C4,600.0,vehicle,exact,2019-03-12_N16_C4_exact_r0.json,0,1.229608100002224,74.0,restricted_mip,bp_active_excluding_cloud_call,1.2296098000006168,0.0
cim_active_20260923_184108,2019-03-12_N16_C4,600.0,vehicle,exact,2019-03-12_N16_C4_exact_r0.json,0,70.63410090000252,69.0,rmp_integer,bp_active_excluding_cloud_call,70.63410270000168,0.0
cim_active_20260923_184108,2019-03-12_N16_C4,600.0,vehicle,exact,2019-03-12_N16_C4_exact_r0.json,0,79.61523440000019,68.0,rmp_integer,bp_active_excluding_cloud_call,79.6152363000001,0.0
cim_active_20260923_184108,2019-03-12_N16_C4,600.0,vehicle,exact,2019-03-12_N16_C4_exact_r0.json,0,213.7855020000061,67.0,rmp_integer,bp_active_excluding_cloud_call,213.78550379999797,0.0
cim_active_20260923_184108,2019-03-12_N16_C4,600.0,vehicle,exact,2019-03-12_N16_C4_exact_r0.json,0,311.09996690000116,62.0,rmp_integer,bp_active_excluding_cloud_call,311.0999687000003,0.0
cim_active_20260923_184108,2019-03-12_N16_C4,600.0,vehicle,qaia_tuned,2019-03-12_N16_C4_qaia_tuned_s1.json,1,0.9910043999989284,68.0,rmp_integer,bp_active_excluding_cloud_call,0.9910067000018898,0.0
cim_active_20260923_184108,2019-03-12_N16_C4,600.0,vehicle,qaia_tuned,2019-03-12_N16_C4_qaia_tuned_s1.json,1,226.76994969999942,64.0,rmp_integer,bp_active_excluding_cloud_call,226.76995190000162,0.0
cim_active_20260923_184108,2019-03-12_N16_C4,600.0,vehicle,qaia_tuned,2019-03-12_N16_C4_qaia_tuned_s1.json,1,280.102206399999,63.0,rmp_integer,bp_active_excluding_cloud_call,280.1022086000012,0.0
cim_active_20260923_184108,2019-03-12_N16_C4,600.0,vehicle,cim,2019-03-12_N16_C4_cim_s1.json,1,8.13285079999332,73.0,restricted_mip,bp_active_excluding_cloud_call,257.856249000004,249.72339590000047
cim_active_20260923_184108,2019-03-12_N16_C4,600.0,vehicle,cim,2019-03-12_N16_C4_cim_s1.json,1,72.52445399999851,71.0,rmp_integer,bp_active_excluding_cloud_call,322.2478518000062,249.72339590000047
cim_active_20260923_184108,2019-03-12_N16_C4,600.0,vehicle,cim,2019-03-12_N16_C4_cim_s1.json,1,103.91170269999566,69.0,rmp_integer,bp_active_excluding_cloud_call,353.6351005000033,249.72339590000047
cim_active_20260923_184108,2019-03-12_N16_C4,600.0,vehicle,cim,2019-03-12_N16_C4_cim_s1.json,1,176.50168189999386,67.0,rmp_integer,bp_active_excluding_cloud_call,426.2250798000023,249.72339590000047
cim_active_20260923_184108,2019-03-12_N16_C4,600.0,vehicle,cim,2019-03-12_N16_C4_cim_s1.json,1,339.9233083999934,62.0,rmp_integer,bp_active_excluding_cloud_call,589.6467062000011,249.72339590000047
cim_active_20260923_184108,2019-03-12_N16_C4,600.0,vehicle,cim,2019-03-12_N16_C4_cim_s2.json,2,8.80029870000726,81.0,restricted_mip,bp_active_excluding_cloud_call,197.9478506000014,189.14754929999617
cim_active_20260923_184108,2019-03-12_N16_C4,600.0,vehicle,cim,2019-03-12_N16_C4_cim_s2.json,2,8.816823800007114,73.0,restricted_mip,bp_active_excluding_cloud_call,197.9643750000032,189.14754929999617
cim_active_20260923_184108,2019-03-12_N16_C4,600.0,vehicle,cim,2019-03-12_N16_C4_cim_s2.json,2,9.476759600009245,71.0,rmp_integer,bp_active_excluding_cloud_call,198.6243106999973,189.14754929999617
cim_active_20260923_184108,2019-03-12_N16_C4,600.0,vehicle,cim,2019-03-12_N16_C4_cim_s2.json,2,72.27114490000531,68.0,rmp_integer,bp_active_excluding_cloud_call,261.4186961000014,189.14754929999617
cim_active_20260923_184108,2019-03-12_N16_C4,600.0,vehicle,cim,2019-03-12_N16_C4_cim_s2.json,2,331.52403040000354,67.0,rmp_integer,bp_active_excluding_cloud_call,520.6715814999989,189.14754929999617
cim_active_20260923_184108,2019-03-12_N16_C4,600.0,vehicle,cim,2019-03-12_N16_C4_cim_s2.json,2,356.0483211000028,66.0,rmp_integer,bp_active_excluding_cloud_call,545.1958722999989,189.14754929999617
cim_active_20260923_184108,2019-03-12_N16_C4,600.0,vehicle,qaia_tuned,2019-03-12_N16_C4_qaia_tuned_s2.json,2,0.7317976999984239,68.0,rmp_integer,bp_active_excluding_cloud_call,0.731799699999101,0.0
cim_active_20260923_184108,2019-03-12_N16_C4,600.0,vehicle,qaia_tuned,2019-03-12_N16_C4_qaia_tuned_s2.json,2,200.06697949999943,65.0,rmp_integer,bp_active_excluding_cloud_call,200.06698139999935,0.0
cim_active_20260923_184108,2019-03-12_N20_C5,600.0,vehicle,compact,2019-03-12_N20_C5_compact.json,0,0.029737099997873884,72.0,compact_mipsol,bp_active_excluding_cloud_call,0.029739199999312405,0.0
cim_active_20260923_184108,2019-03-12_N20_C5,600.0,vehicle,compact,2019-03-12_N20_C5_compact.json,0,0.06873899999482092,62.0,compact_mipsol,bp_active_excluding_cloud_call,0.06874080000125105,0.0
cim_active_20260923_184108,2019-03-12_N20_C5,600.0,vehicle,cim,2019-03-12_N20_C5_cim_s0.json,0,18.658445199995185,81.0,restricted_mip,bp_active_excluding_cloud_call,265.14444640000147,246.48599890000332
cim_active_20260923_184108,2019-03-12_N20_C5,600.0,vehicle,cim,2019-03-12_N20_C5_cim_s0.json,0,18.67932989999099,77.0,restricted_mip,bp_active_excluding_cloud_call,265.16533080000227,246.48599890000332
cim_active_20260923_184108,2019-03-12_N20_C5,600.0,vehicle,cim,2019-03-12_N20_C5_cim_s0.json,0,18.700880299991695,71.0,restricted_mip,bp_active_excluding_cloud_call,265.1868811000022,246.48599890000332
cim_active_20260923_184108,2019-03-12_N20_C5,600.0,vehicle,cim,2019-03-12_N20_C5_cim_s0.json,0,283.628698499997,69.0,rmp_integer,bp_active_excluding_cloud_call,530.1146996000025,246.48599890000332
cim_active_20260923_184108,2019-03-12_N20_C5,600.0,vehicle,cim,2019-03-12_N20_C5_cim_s0.json,0,552.4961083999951,66.0,rmp_integer,bp_active_excluding_cloud_call,798.9821093999999,246.48599890000332
cim_active_20260923_184108,2019-03-12_N20_C5,600.0,vehicle,qaia_tuned,2019-03-12_N20_C5_qaia_tuned_s0.json,0,2.5934383000058006,77.0,restricted_mip,bp_active_excluding_cloud_call,2.5934407000022475,0.0
cim_active_20260923_184108,2019-03-12_N20_C5,600.0,vehicle,qaia_tuned,2019-03-12_N20_C5_qaia_tuned_s0.json,0,26.288888600000064,75.0,rmp_integer,bp_active_excluding_cloud_call,26.28889060000074,0.0
cim_active_20260923_184108,2019-03-12_N20_C5,600.0,vehicle,qaia_tuned,2019-03-12_N20_C5_qaia_tuned_s0.json,0,43.945943700004136,74.0,rmp_integer,bp_active_excluding_cloud_call,43.94594569999754,0.0
cim_active_20260923_184108,2019-03-12_N20_C5,600.0,vehicle,qaia_tuned,2019-03-12_N20_C5_qaia_tuned_s0.json,0,63.26497580000432,73.0,rmp_integer,bp_active_excluding_cloud_call,63.26497769999696,0.0
cim_active_20260923_184108,2019-03-12_N20_C5,600.0,vehicle,qaia_tuned,2019-03-12_N20_C5_qaia_tuned_s0.json,0,84.41209560000425,71.0,rmp_integer,bp_active_excluding_cloud_call,84.41209789999994,0.0
cim_active_20260923_184108,2019-03-12_N20_C5,600.0,vehicle,qaia_tuned,2019-03-12_N20_C5_qaia_tuned_s0.json,0,546.5303042000014,69.0,rmp_integer,bp_active_excluding_cloud_call,546.5303064000036,0.0
cim_active_20260923_184108,2019-03-12_N20_C5,600.0,vehicle,exact,2019-03-12_N20_C5_exact_r0.json,0,1.499675599996408,73.0,restricted_mip,bp_active_excluding_cloud_call,1.4996775000035996,0.0
cim_active_20260923_184108,2019-03-12_N20_C5,600.0,vehicle,exact,2019-03-12_N20_C5_exact_r0.json,0,196.5463893999986,71.0,rmp_integer,bp_active_excluding_cloud_call,196.5463916000008,0.0
cim_active_20260923_184108,2019-03-12_N20_C5,600.0,vehicle,exact,2019-03-12_N20_C5_exact_r0.json,0,336.15851709999697,70.0,rmp_integer,bp_active_excluding_cloud_call,336.15851900000416,0.0
cim_active_20260923_184108,2019-03-12_N20_C5,600.0,vehicle,exact,2019-03-12_N20_C5_exact_r0.json,0,414.07012699999905,68.0,rmp_integer,bp_active_excluding_cloud_call,414.0701298999993,0.0
cim_active_20260923_184108,2019-03-12_N20_C5,600.0,vehicle,qaia_tuned,2019-03-12_N20_C5_qaia_tuned_s1.json,1,2.573154199999408,71.0,restricted_mip,bp_active_excluding_cloud_call,2.5731567999973777,0.0
cim_active_20260923_184108,2019-03-12_N20_C5,600.0,vehicle,qaia_tuned,2019-03-12_N20_C5_qaia_tuned_s1.json,1,32.501121900000726,70.0,rmp_integer,bp_active_excluding_cloud_call,32.50112380000064,0.0
cim_active_20260923_184108,2019-03-12_N20_C5,600.0,vehicle,qaia_tuned,2019-03-12_N20_C5_qaia_tuned_s1.json,1,272.0488065000027,69.0,rmp_integer,bp_active_excluding_cloud_call,272.0488084999961,0.0
cim_active_20260923_184108,2019-03-12_N20_C5,600.0,vehicle,cim,2019-03-12_N20_C5_cim_s1.json,1,18.334083000001556,77.0,rmp_integer,bp_active_excluding_cloud_call,204.6992556000041,186.3651702999996
cim_active_20260923_184108,2019-03-12_N20_C5,600.0,vehicle,cim,2019-03-12_N20_C5_cim_s1.json,1,19.586218299999018,73.0,restricted_mip,bp_active_excluding_cloud_call,205.9513908000008,186.3651702999996
cim_active_20260923_184108,2019-03-12_N20_C5,600.0,vehicle,cim,2019-03-12_N20_C5_cim_s1.json,1,26.981898199999705,72.0,rmp_integer,bp_active_excluding_cloud_call,213.34707030000573,186.3651702999996
cim_active_20260923_184108,2019-03-12_N20_C5,600.0,vehicle,cim,2019-03-12_N20_C5_cim_s1.json,1,131.59724899999856,71.0,rmp_integer,bp_active_excluding_cloud_call,317.96242090000305,186.3651702999996
cim_active_20260923_184108,2019-03-12_N20_C5,600.0,vehicle,cim,2019-03-12_N20_C5_cim_s1.json,1,324.8120717999991,69.0,rmp_integer,bp_active_excluding_cloud_call,511.17724380000436,186.3651702999996
cim_active_20260923_184108,2019-03-12_N20_C5,600.0,vehicle,cim,2019-03-12_N20_C5_cim_s1.json,1,477.24806279999757,68.0,rmp_integer,bp_active_excluding_cloud_call,663.6132348000028,186.3651702999996
cim_active_20260923_184108,2019-03-12_N20_C5,600.0,vehicle,cim,2019-03-12_N20_C5_cim_s2.json,2,18.607400400003826,81.0,restricted_mip,bp_active_excluding_cloud_call,325.24018090000027,306.63277829999424
cim_active_20260923_184108,2019-03-12_N20_C5,600.0,vehicle,cim,2019-03-12_N20_C5_cim_s2.json,2,18.624777700009872,71.0,restricted_mip,bp_active_excluding_cloud_call,325.2575580999983,306.63277829999424
cim_active_20260923_184108,2019-03-12_N20_C5,600.0,vehicle,cim,2019-03-12_N20_C5_cim_s2.json,2,584.0907289000097,69.0,rmp_integer,bp_active_excluding_cloud_call,890.7235090999966,306.63277829999424
cim_active_20260923_184108,2019-03-12_N20_C5,600.0,vehicle,qaia_tuned,2019-03-12_N20_C5_qaia_tuned_s2.json,2,2.577285399995162,77.0,restricted_mip,bp_active_excluding_cloud_call,2.5772873999958392,0.0
cim_active_20260923_184108,2019-03-12_N20_C5,600.0,vehicle,qaia_tuned,2019-03-12_N20_C5_qaia_tuned_s2.json,2,26.350829999995767,75.0,rmp_integer,bp_active_excluding_cloud_call,26.35083239999949,0.0
cim_active_20260923_184108,2019-03-12_N20_C5,600.0,vehicle,qaia_tuned,2019-03-12_N20_C5_qaia_tuned_s2.json,2,43.950885300000664,74.0,rmp_integer,bp_active_excluding_cloud_call,43.950887399994826,0.0
cim_active_20260923_184108,2019-03-12_N20_C5,600.0,vehicle,qaia_tuned,2019-03-12_N20_C5_qaia_tuned_s2.json,2,63.26096690000122,73.0,rmp_integer,bp_active_excluding_cloud_call,63.26096889999462,0.0
cim_active_20260923_184108,2019-03-12_N20_C5,600.0,vehicle,qaia_tuned,2019-03-12_N20_C5_qaia_tuned_s2.json,2,84.17123100000026,71.0,rmp_integer,bp_active_excluding_cloud_call,84.17123299999366,0.0
cim_active_20260923_184108,2019-03-12_N20_C5,600.0,vehicle,qaia_tuned,2019-03-12_N20_C5_qaia_tuned_s2.json,2,546.3625306999966,69.0,rmp_integer,bp_active_excluding_cloud_call,546.362532799998,0.0
cim_active_20260923_184108,2019-03-13_N8_C2,600.0,vehicle,compact,2019-03-13_N8_C2_compact.json,0,0.010077699997054879,71.0,compact_mipsol,bp_active_excluding_cloud_call,0.0100797999984934,0.0
cim_active_20260923_184108,2019-03-13_N8_C2,600.0,vehicle,compact,2019-03-13_N8_C2_compact.json,0,0.029169099994760472,68.0,compact_mipsol,bp_active_excluding_cloud_call,0.029171199996198993,0.0
cim_active_20260923_184108,2019-03-13_N8_C2,600.0,vehicle,compact,2019-03-13_N8_C2_compact.json,0,0.03038620000006631,65.0,compact_mipsol,bp_active_excluding_cloud_call,0.030388099999981932,0.0
cim_active_20260923_184108,2019-03-13_N8_C2,600.0,vehicle,compact,2019-03-13_N8_C2_compact.json,0,0.03739299999870127,64.0,compact_mipsol,bp_active_excluding_cloud_call,0.03739499999937834,0.0
cim_active_20260923_184108,2019-03-13_N8_C2,600.0,vehicle,qaia_tuned,2019-03-13_N8_C2_qaia_tuned_s0.json,0,0.2962528999996721,68.0,rmp_integer,bp_active_excluding_cloud_call,0.2962550000011106,0.0
cim_active_20260923_184108,2019-03-13_N8_C2,600.0,vehicle,qaia_tuned,2019-03-13_N8_C2_qaia_tuned_s0.json,0,2.652995099997497,67.0,rmp_integer,bp_active_excluding_cloud_call,2.6529968999966513,0.0
cim_active_20260923_184108,2019-03-13_N8_C2,600.0,vehicle,qaia_tuned,2019-03-13_N8_C2_qaia_tuned_s0.json,0,6.679240099998424,66.0,rmp_integer,bp_active_excluding_cloud_call,6.679242099999101,0.0
cim_active_20260923_184108,2019-03-13_N8_C2,600.0,vehicle,qaia_tuned,2019-03-13_N8_C2_qaia_tuned_s0.json,0,10.543689999998605,65.0,rmp_integer,bp_active_excluding_cloud_call,10.543691899998521,0.0
cim_active_20260923_184108,2019-03-13_N8_C2,600.0,vehicle,qaia_tuned,2019-03-13_N8_C2_qaia_tuned_s0.json,0,13.24923249999847,64.0,rmp_integer,bp_active_excluding_cloud_call,13.249234199996863,0.0
cim_active_20260923_184108,2019-03-13_N8_C2,600.0,vehicle,exact,2019-03-13_N8_C2_exact_r0.json,0,0.21116120000078809,70.0,restricted_mip,bp_active_excluding_cloud_call,0.2111633000022266,0.0
cim_active_20260923_184108,2019-03-13_N8_C2,600.0,vehicle,exact,2019-03-13_N8_C2_exact_r0.json,0,2.1967046999998274,68.0,rmp_integer,bp_active_excluding_cloud_call,2.196706599999743,0.0
cim_active_20260923_184108,2019-03-13_N8_C2,600.0,vehicle,exact,2019-03-13_N8_C2_exact_r0.json,0,2.371400600000925,65.0,rmp_integer,bp_active_excluding_cloud_call,2.371402600001602,0.0
cim_active_20260923_184108,2019-03-13_N8_C2,600.0,vehicle,exact,2019-03-13_N8_C2_exact_r0.json,0,56.78513419999945,64.0,rmp_integer,bp_active_excluding_cloud_call,56.785136200000125,0.0
cim_active_20260923_184108,2019-03-13_N8_C2,600.0,vehicle,qaia_tuned,2019-03-13_N8_C2_qaia_tuned_s1.json,1,0.3830165000035777,70.0,restricted_mip,bp_active_excluding_cloud_call,0.3830184000034933,0.0
cim_active_20260923_184108,2019-03-13_N8_C2,600.0,vehicle,qaia_tuned,2019-03-13_N8_C2_qaia_tuned_s1.json,1,4.833465100004105,68.0,rmp_integer,bp_active_excluding_cloud_call,4.8334671999982675,0.0
cim_active_20260923_184108,2019-03-13_N8_C2,600.0,vehicle,qaia_tuned,2019-03-13_N8_C2_qaia_tuned_s1.json,1,6.000081099999079,67.0,rmp_integer,bp_active_excluding_cloud_call,6.000083300001279,0.0
cim_active_20260923_184108,2019-03-13_N8_C2,600.0,vehicle,qaia_tuned,2019-03-13_N8_C2_qaia_tuned_s1.json,1,6.113985600000888,66.0,rmp_integer,bp_active_excluding_cloud_call,6.113987600001565,0.0
cim_active_20260923_184108,2019-03-13_N8_C2,600.0,vehicle,qaia_tuned,2019-03-13_N8_C2_qaia_tuned_s1.json,1,9.841141400000197,65.0,rmp_integer,bp_active_excluding_cloud_call,9.841143500001635,0.0
cim_active_20260923_184108,2019-03-13_N8_C2,600.0,vehicle,qaia_tuned,2019-03-13_N8_C2_qaia_tuned_s1.json,1,52.59769970000343,64.0,rmp_integer,bp_active_excluding_cloud_call,52.597701799997594,0.0
cim_active_20260923_184108,2019-03-13_N8_C2,600.0,vehicle,qaia_tuned,2019-03-13_N8_C2_qaia_tuned_s2.json,2,0.37915780000184895,70.0,restricted_mip,bp_active_excluding_cloud_call,0.3791597000017646,0.0
cim_active_20260923_184108,2019-03-13_N8_C2,600.0,vehicle,qaia_tuned,2019-03-13_N8_C2_qaia_tuned_s2.json,2,1.8147114000021247,68.0,rmp_integer,bp_active_excluding_cloud_call,1.8147133000020403,0.0
cim_active_20260923_184108,2019-03-13_N8_C2,600.0,vehicle,qaia_tuned,2019-03-13_N8_C2_qaia_tuned_s2.json,2,6.910403599998972,67.0,rmp_integer,bp_active_excluding_cloud_call,6.9104054999988875,0.0
cim_active_20260923_184108,2019-03-13_N8_C2,600.0,vehicle,qaia_tuned,2019-03-13_N8_C2_qaia_tuned_s2.json,2,11.37935170000128,65.0,rmp_integer,bp_active_excluding_cloud_call,11.379353600001195,0.0
cim_active_20260923_184108,2019-03-13_N8_C2,600.0,vehicle,qaia_tuned,2019-03-13_N8_C2_qaia_tuned_s2.json,2,73.20088389999728,64.0,rmp_integer,bp_active_excluding_cloud_call,73.20088589999796,0.0
cim_active_20260923_184108,2019-03-13_N12_C3,600.0,vehicle,compact,2019-03-13_N12_C3_compact.json,0,0.013939399999799207,70.0,compact_mipsol,bp_active_excluding_cloud_call,0.013941400000476278,0.0
cim_active_20260923_184108,2019-03-13_N12_C3,600.0,vehicle,compact,2019-03-13_N12_C3_compact.json,0,0.04475570000067819,67.0,compact_mipsol,bp_active_excluding_cloud_call,0.04475770000135526,0.0
cim_active_20260923_184108,2019-03-13_N12_C3,600.0,vehicle,compact,2019-03-13_N12_C3_compact.json,0,0.04654350000055274,66.0,compact_mipsol,bp_active_excluding_cloud_call,0.04654550000122981,0.0
cim_active_20260923_184108,2019-03-13_N12_C3,600.0,vehicle,compact,2019-03-13_N12_C3_compact.json,0,0.047858300000370946,65.0,compact_mipsol,bp_active_excluding_cloud_call,0.04786009999952512,0.0
cim_active_20260923_184108,2019-03-13_N12_C3,600.0,vehicle,cim,2019-03-13_N12_C3_cim_s0.json,0,2.057939799997257,74.0,rmp_integer,bp_active_excluding_cloud_call,244.99202309999964,242.93408099999942
cim_active_20260923_184108,2019-03-13_N12_C3,600.0,vehicle,cim,2019-03-13_N12_C3_cim_s0.json,0,2.2693479000008665,70.0,restricted_mip,bp_active_excluding_cloud_call,245.2034308000002,242.93408099999942
cim_active_20260923_184108,2019-03-13_N12_C3,600.0,vehicle,cim,2019-03-13_N12_C3_cim_s0.json,0,22.69273770000291,69.0,rmp_integer,bp_active_excluding_cloud_call,265.62682089999726,242.93408099999942
cim_active_20260923_184108,2019-03-13_N12_C3,600.0,vehicle,cim,2019-03-13_N12_C3_cim_s0.json,0,31.412586999998894,67.0,rmp_integer,bp_active_excluding_cloud_call,274.3466702000005,242.93408099999942
cim_active_20260923_184108,2019-03-13_N12_C3,600.0,vehicle,cim,2019-03-13_N12_C3_cim_s0.json,0,32.0973146000033,66.0,rmp_integer,bp_active_excluding_cloud_call,275.03139779999765,242.93408099999942
cim_active_20260923_184108,2019-03-13_N12_C3,600.0,vehicle,cim,2019-03-13_N12_C3_cim_s0.json,0,48.474799800002074,65.0,rmp_integer,bp_active_excluding_cloud_call,291.4088829999964,242.93408099999942
cim_active_20260923_184108,2019-03-13_N12_C3,600.0,vehicle,qaia_tuned,2019-03-13_N12_C3_qaia_tuned_s0.json,0,0.5986788000009255,70.0,rmp_integer,bp_active_excluding_cloud_call,0.5986804999993183,0.0
cim_active_20260923_184108,2019-03-13_N12_C3,600.0,vehicle,qaia_tuned,2019-03-13_N12_C3_qaia_tuned_s0.json,0,14.741916700004367,69.0,rmp_integer,bp_active_excluding_cloud_call,14.74191840000276,0.0
cim_active_20260923_184108,2019-03-13_N12_C3,600.0,vehicle,qaia_tuned,2019-03-13_N12_C3_qaia_tuned_s0.json,0,17.219914800007246,68.0,rmp_integer,bp_active_excluding_cloud_call,17.219916499998362,0.0
cim_active_20260923_184108,2019-03-13_N12_C3,600.0,vehicle,qaia_tuned,2019-03-13_N12_C3_qaia_tuned_s0.json,0,49.85657070000161,65.0,rmp_integer,bp_active_excluding_cloud_call,49.85657229999924,0.0
cim_active_20260923_184108,2019-03-13_N12_C3,600.0,vehicle,exact,2019-03-13_N12_C3_exact_r0.json,0,0.5095551999984309,74.0,restricted_mip,bp_active_excluding_cloud_call,0.5095575000013923,0.0
cim_active_20260923_184108,2019-03-13_N12_C3,600.0,vehicle,exact,2019-03-13_N12_C3_exact_r0.json,0,3.3613537999990513,71.0,rmp_integer,bp_active_excluding_cloud_call,3.361355699998967,0.0
cim_active_20260923_184108,2019-03-13_N12_C3,600.0,vehicle,exact,2019-03-13_N12_C3_exact_r0.json,0,4.464057199998933,70.0,rmp_integer,bp_active_excluding_cloud_call,4.46405919999961,0.0
cim_active_20260923_184108,2019-03-13_N12_C3,600.0,vehicle,exact,2019-03-13_N12_C3_exact_r0.json,0,40.9111036999966,67.0,rmp_integer,bp_active_excluding_cloud_call,40.9111058999988,0.0
cim_active_20260923_184108,2019-03-13_N12_C3,600.0,vehicle,exact,2019-03-13_N12_C3_exact_r0.json,0,62.511276699995506,66.0,rmp_integer,bp_active_excluding_cloud_call,62.51127859999542,0.0
cim_active_20260923_184108,2019-03-13_N12_C3,600.0,vehicle,exact,2019-03-13_N12_C3_exact_r0.json,0,77.0470084999979,65.0,rmp_integer,bp_active_excluding_cloud_call,77.04701049999858,0.0
cim_active_20260923_184108,2019-03-13_N12_C3,600.0,vehicle,qaia_tuned,2019-03-13_N12_C3_qaia_tuned_s1.json,1,0.465653300001577,70.0,rmp_integer,bp_active_excluding_cloud_call,0.46565539999573957,0.0
cim_active_20260923_184108,2019-03-13_N12_C3,600.0,vehicle,qaia_tuned,2019-03-13_N12_C3_qaia_tuned_s1.json,1,0.784389899999951,69.0,restricted_mip,bp_active_excluding_cloud_call,0.7843917999998666,0.0
cim_active_20260923_184108,2019-03-13_N12_C3,600.0,vehicle,qaia_tuned,2019-03-13_N12_C3_qaia_tuned_s1.json,1,11.422357800001919,67.0,rmp_integer,bp_active_excluding_cloud_call,11.422359899996081,0.0
cim_active_20260923_184108,2019-03-13_N12_C3,600.0,vehicle,qaia_tuned,2019-03-13_N12_C3_qaia_tuned_s1.json,1,22.2964764999997,66.0,rmp_integer,bp_active_excluding_cloud_call,22.296478399999614,0.0
cim_active_20260923_184108,2019-03-13_N12_C3,600.0,vehicle,qaia_tuned,2019-03-13_N12_C3_qaia_tuned_s1.json,1,42.956788899995445,65.0,rmp_integer,bp_active_excluding_cloud_call,42.95679089999612,0.0
cim_active_20260923_184108,2019-03-13_N12_C3,600.0,vehicle,cim,2019-03-13_N12_C3_cim_s1.json,1,1.9678882000007434,71.0,rmp_integer,bp_active_excluding_cloud_call,184.5198143000016,182.55192359999637
cim_active_20260923_184108,2019-03-13_N12_C3,600.0,vehicle,cim,2019-03-13_N12_C3_cim_s1.json,1,4.763318600002094,70.0,rmp_integer,bp_active_excluding_cloud_call,187.3152446000022,182.55192359999637
cim_active_20260923_184108,2019-03-13_N12_C3,600.0,vehicle,cim,2019-03-13_N12_C3_cim_s1.json,1,15.093518400004541,69.0,rmp_integer,bp_active_excluding_cloud_call,197.64544430000387,182.55192359999637
cim_active_20260923_184108,2019-03-13_N12_C3,600.0,vehicle,cim,2019-03-13_N12_C3_cim_s1.json,1,30.31265660000645,68.0,rmp_integer,bp_active_excluding_cloud_call,212.86458259999927,182.55192359999637
cim_active_20260923_184108,2019-03-13_N12_C3,600.0,vehicle,cim,2019-03-13_N12_C3_cim_s1.json,1,58.84296080000058,67.0,rmp_integer,bp_active_excluding_cloud_call,241.39488669999992,182.55192359999637
cim_active_20260923_184108,2019-03-13_N12_C3,600.0,vehicle,cim,2019-03-13_N12_C3_cim_s1.json,1,77.91416700000264,66.0,rmp_integer,bp_active_excluding_cloud_call,260.4660928000012,182.55192359999637
cim_active_20260923_184108,2019-03-13_N12_C3,600.0,vehicle,cim,2019-03-13_N12_C3_cim_s1.json,1,401.7171699000028,65.0,rmp_integer,bp_active_excluding_cloud_call,584.2690959000029,182.55192359999637
cim_active_20260923_184108,2019-03-13_N12_C3,600.0,vehicle,cim,2019-03-13_N12_C3_cim_s2.json,2,2.0260817000089446,71.0,rmp_integer,bp_active_excluding_cloud_call,184.62195470000006,182.5958707999962
cim_active_20260923_184108,2019-03-13_N12_C3,600.0,vehicle,cim,2019-03-13_N12_C3_cim_s2.json,2,15.128030300009414,69.0,rmp_integer,bp_active_excluding_cloud_call,197.72390299999824,182.5958707999962
cim_active_20260923_184108,2019-03-13_N12_C3,600.0,vehicle,cim,2019-03-13_N12_C3_cim_s2.json,2,19.783302600008028,68.0,rmp_integer,bp_active_excluding_cloud_call,202.37917539999762,182.5958707999962
cim_active_20260923_184108,2019-03-13_N12_C3,600.0,vehicle,cim,2019-03-13_N12_C3_cim_s2.json,2,33.89138200000889,67.0,rmp_integer,bp_active_excluding_cloud_call,216.48725469999772,182.5958707999962
cim_active_20260923_184108,2019-03-13_N12_C3,600.0,vehicle,cim,2019-03-13_N12_C3_cim_s2.json,2,69.24549470000784,66.0,rmp_integer,bp_active_excluding_cloud_call,251.84136749999743,182.5958707999962
cim_active_20260923_184108,2019-03-13_N12_C3,600.0,vehicle,cim,2019-03-13_N12_C3_cim_s2.json,2,91.11677290000807,65.0,rmp_integer,bp_active_excluding_cloud_call,273.7126456000042,182.5958707999962
cim_active_20260923_184108,2019-03-13_N12_C3,600.0,vehicle,qaia_tuned,2019-03-13_N12_C3_qaia_tuned_s2.json,2,0.47482870000385446,70.0,rmp_integer,bp_active_excluding_cloud_call,0.4748306999972556,0.0
cim_active_20260923_184108,2019-03-13_N12_C3,600.0,vehicle,qaia_tuned,2019-03-13_N12_C3_qaia_tuned_s2.json,2,0.8016014000022551,69.0,restricted_mip,bp_active_excluding_cloud_call,0.8016031000006478,0.0
cim_active_20260923_184108,2019-03-13_N12_C3,600.0,vehicle,qaia_tuned,2019-03-13_N12_C3_qaia_tuned_s2.json,2,11.460938000003807,67.0,rmp_integer,bp_active_excluding_cloud_call,11.460939800002961,0.0
cim_active_20260923_184108,2019-03-13_N12_C3,600.0,vehicle,qaia_tuned,2019-03-13_N12_C3_qaia_tuned_s2.json,2,22.33407879999868,66.0,rmp_integer,bp_active_excluding_cloud_call,22.33408100000088,0.0
cim_active_20260923_184108,2019-03-13_N12_C3,600.0,vehicle,qaia_tuned,2019-03-13_N12_C3_qaia_tuned_s2.json,2,42.935253299998294,65.0,rmp_integer,bp_active_excluding_cloud_call,42.93525539999973,0.0
cim_active_20260923_184108,2019-03-13_N16_C4,600.0,vehicle,compact,2019-03-13_N16_C4_compact.json,0,0.02046870000049239,80.0,compact_mipsol,bp_active_excluding_cloud_call,0.02047100000345381,0.0
cim_active_20260923_184108,2019-03-13_N16_C4,600.0,vehicle,compact,2019-03-13_N16_C4_compact.json,0,0.08633110000664601,65.0,compact_mipsol,bp_active_excluding_cloud_call,0.08633320000080857,0.0
cim_active_20260923_184108,2019-03-13_N16_C4,600.0,vehicle,compact,2019-03-13_N16_C4_compact.json,0,0.0920722000009846,64.0,compact_mipsol,bp_active_excluding_cloud_call,0.09207450000394601,0.0
cim_active_20260923_184108,2019-03-13_N16_C4,600.0,vehicle,compact,2019-03-13_N16_C4_compact.json,0,0.1952272000053199,63.0,compact_mipsol,bp_active_excluding_cloud_call,0.19522929999948246,0.0
cim_active_20260923_184108,2019-03-13_N16_C4,600.0,vehicle,qaia_tuned,2019-03-13_N16_C4_qaia_tuned_s0.json,0,1.4669434000024921,72.0,restricted_mip,bp_active_excluding_cloud_call,1.4669461000012234,0.0
cim_active_20260923_184108,2019-03-13_N16_C4,600.0,vehicle,qaia_tuned,2019-03-13_N16_C4_qaia_tuned_s0.json,0,4.839093000002322,70.0,rmp_integer,bp_active_excluding_cloud_call,4.8390947000007145,0.0
cim_active_20260923_184108,2019-03-13_N16_C4,600.0,vehicle,qaia_tuned,2019-03-13_N16_C4_qaia_tuned_s0.json,0,97.01566530000127,68.0,rmp_integer,bp_active_excluding_cloud_call,97.01566710000043,0.0
cim_active_20260923_184108,2019-03-13_N16_C4,600.0,vehicle,qaia_tuned,2019-03-13_N16_C4_qaia_tuned_s0.json,0,99.45864789999905,67.0,rmp_integer,bp_active_excluding_cloud_call,99.45864959999744,0.0
cim_active_20260923_184108,2019-03-13_N16_C4,600.0,vehicle,qaia_tuned,2019-03-13_N16_C4_qaia_tuned_s0.json,0,192.2117597999968,66.0,rmp_integer,bp_active_excluding_cloud_call,192.2117616999967,0.0
cim_active_20260923_184108,2019-03-13_N16_C4,600.0,vehicle,qaia_tuned,2019-03-13_N16_C4_qaia_tuned_s0.json,0,192.31511840000167,65.0,rmp_integer,bp_active_excluding_cloud_call,192.3151199999993,0.0
cim_active_20260923_184108,2019-03-13_N16_C4,600.0,vehicle,exact,2019-03-13_N16_C4_exact_r0.json,0,0.6080473000038182,81.0,rmp_integer,bp_active_excluding_cloud_call,0.6080494999914663,0.0
cim_active_20260923_184108,2019-03-13_N16_C4,600.0,vehicle,exact,2019-03-13_N16_C4_exact_r0.json,0,1.0313034999999218,74.0,restricted_mip,bp_active_excluding_cloud_call,1.031305499986047,0.0
cim_active_20260923_184108,2019-03-13_N16_C4,600.0,vehicle,exact,2019-03-13_N16_C4_exact_r0.json,0,50.238509100003284,71.0,rmp_integer,bp_active_excluding_cloud_call,50.23851099998865,0.0
cim_active_20260923_184108,2019-03-13_N16_C4,600.0,vehicle,exact,2019-03-13_N16_C4_exact_r0.json,0,82.95163789999788,70.0,rmp_integer,bp_active_excluding_cloud_call,82.95163989999855,0.0
cim_active_20260923_184108,2019-03-13_N16_C4,600.0,vehicle,exact,2019-03-13_N16_C4_exact_r0.json,0,91.89102670000284,69.0,rmp_integer,bp_active_excluding_cloud_call,91.89102869998896,0.0
cim_active_20260923_184108,2019-03-13_N16_C4,600.0,vehicle,exact,2019-03-13_N16_C4_exact_r0.json,0,386.1680397000018,68.0,rmp_integer,bp_active_excluding_cloud_call,386.1680418999895,0.0
cim_active_20260923_184108,2019-03-13_N16_C4,600.0,vehicle,exact,2019-03-13_N16_C4_exact_r0.json,0,388.4180277999985,65.0,rmp_integer,bp_active_excluding_cloud_call,388.41802989999996,0.0
cim_active_20260923_184108,2019-03-13_N16_C4,600.0,vehicle,qaia_tuned,2019-03-13_N16_C4_qaia_tuned_s1.json,1,1.499677800005884,72.0,restricted_mip,bp_active_excluding_cloud_call,1.4996804999973392,0.0
cim_active_20260923_184108,2019-03-13_N16_C4,600.0,vehicle,qaia_tuned,2019-03-13_N16_C4_qaia_tuned_s1.json,1,4.84305320000567,70.0,rmp_integer,bp_active_excluding_cloud_call,4.843054999990272,0.0
cim_active_20260923_184108,2019-03-13_N16_C4,600.0,vehicle,qaia_tuned,2019-03-13_N16_C4_qaia_tuned_s1.json,1,96.66404610000609,68.0,rmp_integer,bp_active_excluding_cloud_call,96.66404799999145,0.0
cim_active_20260923_184108,2019-03-13_N16_C4,600.0,vehicle,qaia_tuned,2019-03-13_N16_C4_qaia_tuned_s1.json,1,99.09591810000711,67.0,rmp_integer,bp_active_excluding_cloud_call,99.09591989999171,0.0
cim_active_20260923_184108,2019-03-13_N16_C4,600.0,vehicle,qaia_tuned,2019-03-13_N16_C4_qaia_tuned_s1.json,1,191.55542580000474,66.0,rmp_integer,bp_active_excluding_cloud_call,191.5554276999901,0.0
cim_active_20260923_184108,2019-03-13_N16_C4,600.0,vehicle,qaia_tuned,2019-03-13_N16_C4_qaia_tuned_s1.json,1,191.660864400008,65.0,rmp_integer,bp_active_excluding_cloud_call,191.6608661999926,0.0
cim_active_20260923_184108,2019-03-13_N16_C4,600.0,vehicle,qaia_tuned,2019-03-13_N16_C4_qaia_tuned_s2.json,2,1.513507399999071,72.0,restricted_mip,bp_active_excluding_cloud_call,1.5135097000020323,0.0
cim_active_20260923_184108,2019-03-13_N16_C4,600.0,vehicle,qaia_tuned,2019-03-13_N16_C4_qaia_tuned_s2.json,2,4.88090970000485,70.0,rmp_integer,bp_active_excluding_cloud_call,4.880911600004765,0.0
cim_active_20260923_184108,2019-03-13_N16_C4,600.0,vehicle,qaia_tuned,2019-03-13_N16_C4_qaia_tuned_s2.json,2,97.8722196000017,68.0,rmp_integer,bp_active_excluding_cloud_call,97.87222170000314,0.0
cim_active_20260923_184108,2019-03-13_N16_C4,600.0,vehicle,qaia_tuned,2019-03-13_N16_C4_qaia_tuned_s2.json,2,100.32357630001206,67.0,rmp_integer,bp_active_excluding_cloud_call,100.32357819999743,0.0
cim_active_20260923_184108,2019-03-13_N16_C4,600.0,vehicle,qaia_tuned,2019-03-13_N16_C4_qaia_tuned_s2.json,2,193.07612730000983,66.0,rmp_integer,bp_active_excluding_cloud_call,193.07612949999748,0.0
cim_active_20260923_184108,2019-03-13_N16_C4,600.0,vehicle,qaia_tuned,2019-03-13_N16_C4_qaia_tuned_s2.json,2,193.18110310001066,65.0,rmp_integer,bp_active_excluding_cloud_call,193.18110489999526,0.0
cim_active_20260923_184108,2019-03-13_N20_C5,600.0,vehicle,compact,2019-03-13_N20_C5_compact.json,0,0.027481199998874217,75.0,compact_mipsol,bp_active_excluding_cloud_call,0.027483300000312738,0.0
cim_active_20260923_184108,2019-03-13_N20_C5,600.0,vehicle,compact,2019-03-13_N20_C5_compact.json,0,0.12220859999069944,63.0,compact_mipsol,bp_active_excluding_cloud_call,0.12221079999289941,0.0
cim_active_20260923_184108,2019-03-13_N20_C5,600.0,vehicle,compact,2019-03-13_N20_C5_compact.json,0,0.13205289999314118,62.0,compact_mipsol,bp_active_excluding_cloud_call,0.13205489999381825,0.0
cim_active_20260923_184108,2019-03-13_N20_C5,600.0,vehicle,compact,2019-03-13_N20_C5_compact.json,0,0.2550541999953566,61.0,compact_mipsol,bp_active_excluding_cloud_call,0.25505649999831803,0.0
cim_active_20260923_184108,2019-03-13_N20_C5,600.0,vehicle,cim,2019-03-13_N20_C5_cim_s0.json,0,21.641010799983633,79.0,restricted_mip,bp_active_excluding_cloud_call,267.59433930000523,245.95332650000637
cim_active_20260923_184108,2019-03-13_N20_C5,600.0,vehicle,cim,2019-03-13_N20_C5_cim_s0.json,0,21.663108199980343,71.0,restricted_mip,bp_active_excluding_cloud_call,267.6164366000012,245.95332650000637
cim_active_20260923_184108,2019-03-13_N20_C5,600.0,vehicle,cim,2019-03-13_N20_C5_cim_s0.json,0,161.31378399998357,70.0,rmp_integer,bp_active_excluding_cloud_call,407.26711250000517,245.95332650000637
cim_active_20260923_184108,2019-03-13_N20_C5,600.0,vehicle,cim,2019-03-13_N20_C5_cim_s0.json,0,473.4967640999821,68.0,rmp_integer,bp_active_excluding_cloud_call,719.450093099993,245.95332650000637
cim_active_20260923_184108,2019-03-13_N20_C5,600.0,vehicle,qaia_tuned,2019-03-13_N20_C5_qaia_tuned_s0.json,0,2.945168399994145,76.0,restricted_mip,bp_active_excluding_cloud_call,2.9451702999940608,0.0
cim_active_20260923_184108,2019-03-13_N20_C5,600.0,vehicle,qaia_tuned,2019-03-13_N20_C5_qaia_tuned_s0.json,0,2.9616207999933977,74.0,restricted_mip,bp_active_excluding_cloud_call,2.9616225000063423,0.0
cim_active_20260923_184108,2019-03-13_N20_C5,600.0,vehicle,qaia_tuned,2019-03-13_N20_C5_qaia_tuned_s0.json,0,149.9953869000019,70.0,rmp_integer,bp_active_excluding_cloud_call,149.99538900000334,0.0
cim_active_20260923_184108,2019-03-13_N20_C5,600.0,vehicle,qaia_tuned,2019-03-13_N20_C5_qaia_tuned_s0.json,0,257.1941294999997,67.0,rmp_integer,bp_active_excluding_cloud_call,257.1941316000011,0.0
cim_active_20260923_184108,2019-03-13_N20_C5,600.0,vehicle,exact,2019-03-13_N20_C5_exact_r0.json,0,2.23736280000594,79.0,restricted_mip,bp_active_excluding_cloud_call,2.2373647000058554,0.0
cim_active_20260923_184108,2019-03-13_N20_C5,600.0,vehicle,exact,2019-03-13_N20_C5_exact_r0.json,0,55.498054600000614,70.0,rmp_integer,bp_active_excluding_cloud_call,55.49805660000129,0.0
cim_active_20260923_184108,2019-03-13_N20_C5,600.0,vehicle,qaia_tuned,2019-03-13_N20_C5_qaia_tuned_s1.json,1,2.9246418999973685,76.0,restricted_mip,bp_active_excluding_cloud_call,2.924643999998807,0.0
cim_active_20260923_184108,2019-03-13_N20_C5,600.0,vehicle,qaia_tuned,2019-03-13_N20_C5_qaia_tuned_s1.json,1,2.948344399992493,74.0,restricted_mip,bp_active_excluding_cloud_call,2.9483463000069605,0.0
cim_active_20260923_184108,2019-03-13_N20_C5,600.0,vehicle,qaia_tuned,2019-03-13_N20_C5_qaia_tuned_s1.json,1,149.34173689999443,70.0,rmp_integer,bp_active_excluding_cloud_call,149.34173899999587,0.0
cim_active_20260923_184108,2019-03-13_N20_C5,600.0,vehicle,qaia_tuned,2019-03-13_N20_C5_qaia_tuned_s1.json,1,255.93546549999155,67.0,rmp_integer,bp_active_excluding_cloud_call,255.93546740000602,0.0
cim_active_20260923_184108,2019-03-13_N20_C5,600.0,vehicle,cim,2019-03-13_N20_C5_cim_s1.json,1,20.739775800000643,73.0,restricted_mip,bp_active_excluding_cloud_call,146.07844250000198,125.33866490000219
cim_active_20260923_184108,2019-03-13_N20_C5,600.0,vehicle,cim,2019-03-13_N20_C5_cim_s1.json,1,20.831927299994277,71.0,restricted_mip,bp_active_excluding_cloud_call,146.17059439999866,125.33866490000219
cim_active_20260923_184108,2019-03-13_N20_C5,600.0,vehicle,cim,2019-03-13_N20_C5_cim_s1.json,1,463.97478049999336,67.0,rmp_integer,bp_active_excluding_cloud_call,589.3134471000085,125.33866490000219
cim_active_20260923_184108,2019-03-13_N20_C5,600.0,vehicle,cim,2019-03-13_N20_C5_cim_s2.json,2,20.120013299994753,77.0,restricted_mip,bp_active_excluding_cloud_call,145.6093286999967,125.48931299999822
cim_active_20260923_184108,2019-03-13_N20_C5,600.0,vehicle,cim,2019-03-13_N20_C5_cim_s2.json,2,20.176006099994993,72.0,restricted_mip,bp_active_excluding_cloud_call,145.66532099999313,125.48931299999822
cim_active_20260923_184108,2019-03-13_N20_C5,600.0,vehicle,cim,2019-03-13_N20_C5_cim_s2.json,2,317.57464799999434,71.0,rmp_integer,bp_active_excluding_cloud_call,443.06396299999324,125.48931299999822
cim_active_20260923_184108,2019-03-13_N20_C5,600.0,vehicle,cim,2019-03-13_N20_C5_cim_s2.json,2,597.8050137999962,69.0,rmp_integer,bp_active_excluding_cloud_call,723.2943286999944,125.48931299999822
cim_active_20260923_184108,2019-03-13_N20_C5,600.0,vehicle,qaia_tuned,2019-03-13_N20_C5_qaia_tuned_s2.json,2,3.1941966000013053,74.0,restricted_mip,bp_active_excluding_cloud_call,3.1941988000035053,0.0
cim_active_20260923_184108,2019-03-13_N20_C5,600.0,vehicle,qaia_tuned,2019-03-13_N20_C5_qaia_tuned_s2.json,2,70.03288189999876,72.0,rmp_integer,bp_active_excluding_cloud_call,70.03288420000172,0.0
cim_active_20260923_184108,2019-03-13_N20_C5,600.0,vehicle,qaia_tuned,2019-03-13_N20_C5_qaia_tuned_s2.json,2,134.67176630000176,71.0,rmp_integer,bp_active_excluding_cloud_call,134.67176850000396,0.0
cim_active_20260923_184108,2019-03-13_N20_C5,600.0,vehicle,qaia_tuned,2019-03-13_N20_C5_qaia_tuned_s2.json,2,169.595533899992,70.0,rmp_integer,bp_active_excluding_cloud_call,169.59553590000723,0.0
cim_active_20260923_184108,2019-03-13_N20_C5,600.0,vehicle,qaia_tuned,2019-03-13_N20_C5_qaia_tuned_s2.json,2,174.35099629999604,67.0,rmp_integer,bp_active_excluding_cloud_call,174.35099819999596,0.0
cim_active_20260923_184108,2019-03-13_N20_C5,600.0,vehicle,qaia_tuned,2019-03-13_N20_C5_qaia_tuned_s2.json,2,467.4567854999914,66.0,rmp_integer,bp_active_excluding_cloud_call,467.4567876000074,0.0
